text,violence,sexual,profanity,alcohol_drugs,scary,sev_violence,sev_sexual,sev_profanity,sev_alcohol_drugs,sev_scary,sev_violence_num,sev_sexual_num,sev_profanity_num,sev_alcohol_drugs_num,sev_scary_num
"носит бинокль к глазам, чтобы рассмотреть странную фигуру. Наводит резкость и видит ужасное (1-1-А): у мальчика перерезано горло; лицо, руки и почему-то длинные седые волосы взрослого - тоже в крови. [ep: v=Severe, sc=Severe]

Увиденное парализует Игоря. Какое-то время он стоит в оцепенении, потом срывается с места и бежит, не разбирая дороги. Спотыкается, начинается дождь, мальчик оступается, пад",1,0,0,0,1,Severe,None,None,None,Severe,1.0,0.0,0.0,0.0,1.0
".ОПУШКА НОЧЬ 1. 
ПАНОВ, Труп Андрея Панова(00:05)

Через бинокль. Мужчина с телом мальчика на руках. У мальчика перерезано горло; лицо, руки и почему-то длинные седые волосы взрослого - тоже в крови. [ep: v=Severe, sc=Severe]

[Labels: v=Severe, sc=Severe, p=None, s=None, a=None]

1-2. ИНТ. ДАЧА МАЛЬЦЕВЫХ НОЧЬ 1. 
ИГОРЬ, МАЛЬЦЕВА, МАЛЬЦЕВ, собака Лесси (03:05)

Игорь влетает в дом, весь мокрый и г",1,0,0,0,1,Severe,None,None,None,Severe,1.0,0.0,0.0,0.0,1.0
", Мальцева неспешно накрывает на стол.

МАЛЬЦЕВА
Отправили бы тебя в Корею корреспондентом. Были бы у нас корейские ужины. Что, интересно, они едят? Рис?

МАЛЬЦЕВ
И собак. Можем прям щас приготовить. [ep: v=Mild]

Гладит подошедшую колли, обращается к ней.

МАЛЬЦЕВ
Да, ужин?

В сюжете по телевизору льёт дождь, ветер срывает шляпы, хроника из телевизора переходит в полный растр.

ДИКТОР (ЗК)
Во вну",1,0,0,0,0,Mild,None,None,None,None,0.33,0.0,0.0,0.0,0.0
"между прочим, руку жал, когда корпункт открывали.

Игорь все это время как будто собирался с силами, стоял “соляным столбом” и наконец “отмер”.

ИГОРЬ
Я видел мёртвого мальчика, он весь в крови был. [ep: v=Severe, sc=Severe]

Мальцев оборачивается к нему от телевизора.

МАЛЬЦЕВ
(шутливо)
А я вот Ким Ир Сена сейчас вижу и чего? Мальчик на комете прилетел?

МАЛЬЦЕВА
Переоденься, пожалуйста, мой рук",1,0,0,0,1,Severe,None,None,None,Severe,1.0,0.0,0.0,0.0,1.0
"а для портвейна.

Берёт бутылку, идёт к столу. На столе классический рыбный паштет в банке, батон, большая супница, Мальцева разливает фасолевый суп красно-бурого цвета. Выглядит он довольно кроваво. [ep: a=Mild]

ИГОРЬ
Мы в поле были и там из леса вышел человек весь в крови и мальчика нёс, он тоже был весь в крови. Я в бинокль видел. [ep: v=Severe, sc=Severe]

Мальцева замирает за столом. Пристал",0,0,0,1,0,None,None,None,Mild,None,0.0,0.0,0.0,0.33,0.0
"солевый суп красно-бурого цвета. Выглядит он довольно кроваво. [ep: a=Mild]

ИГОРЬ
Мы в поле были и там из леса вышел человек весь в крови и мальчика нёс, он тоже был весь в крови. Я в бинокль видел. [ep: v=Severe, sc=Severe]

Мальцева замирает за столом. Пристально смотрит на Игоря. Мальцев наливает себе портвейн.

МАЛЬЦЕВ
Хватит маму пугать. Братьев Гримм перечитал, что ли?

Подмигивает Игорю.",1,0,0,0,1,Severe,None,None,None,Severe,1.0,0.0,0.0,0.0,1.0
"ьев Гримм перечитал, что ли?

Подмигивает Игорю.

МАЛЬЦЕВА
Да ну вас. И так уже мигрень третий день. Ну какая кровь? Какой мёртвый мальчик? В школе ещё начни эту чушь рассказывать. Чтоб тебя выгнали. [ep: v=Severe, sc=Severe]

Игорь даже не пытается больше оправдываться. Так и не поев, встаёт, убегает.

МАЛЬЦЕВ
Что-то он со своей кометой вообще уже… И мальчики кровавые в глазах…

МАЛЬЦЕВА
Да прост",1,0,0,0,1,Severe,None,None,None,Severe,1.0,0.0,0.0,0.0,1.0
"тельно слушают.
СОТРУДНИК 1
Извините, что в такой момент. Убийство, Алексан Михалыч.
ГЕНПРОКУРОР
(усмехнувшись)
Уверен, что и не одно.
СОТРУДНИК 1
Ребёнок, Алексан Михалыч. На Рублёвке, возле дач ЦК. [ep: v=Severe, sc=Severe]
ГЕНПРОКУРОР
(становится максимально серьёзным)
Чей?
СОТРУДНИК 1
Ничей, но перерезано горло, половые органы, изуродованы. Страшное дело в общем. До дачи Громыко меньше километ",1,0,0,0,1,Severe,None,None,None,Severe,1.0,0.0,0.0,0.0,1.0
"овится максимально серьёзным)
Чей?
СОТРУДНИК 1
Ничей, но перерезано горло, половые органы, изуродованы. Страшное дело в общем. До дачи Громыко меньше километра, а у него внук. Никогда такого не было. [ep: v=Severe, sc=Severe]
СОТРУДНИК 2
В Ростове такая же серия. Может, теперь к нам приехал с гастролями?
ГЕНПРОКУРОР
Ростов - моя колыбель. Следаки там хорошие. Кто там делом занимается? Сюда его сро",1,0,0,0,1,Severe,None,None,None,Severe,1.0,0.0,0.0,0.0,1.0
"ает на это внимания, сосредоточившись на процессе. Периодически отхлёбывает пиво из бутылки (выглядит при этом как Брэд Пит, а не как алкоголик). Когда миксер выключается, мы слышим надрывный кашель. [ep: a=Mild]

[Labels: v=None, sc=None, p=None, s=None, a=Mild]

1-4-А. ИНТ. КВАРТИРА БОКОВА.ВАННАЯ НОЧЬ 1. 
МАРИНА (00:12)

На раковине в ванной – яркое пятно крови. Молодая, очень худая женщина (МАР",0,0,0,1,0,None,None,None,Mild,None,0.0,0.0,0.0,0.33,0.0
"(00:12)

На раковине в ванной – яркое пятно крови. Молодая, очень худая женщина (МАРИНА), кашляет и сплёвывает очередной сгусток, включает воду, смывает кровь, ополаскивает лицо и выходит из ванной. [ep: v=Mild]

[Labels: v=Mild, sc=None, p=None, s=None, a=None]

1-4-В. ИНТ. КВАРТИРА БОКОВА.КОМНАТА НОЧЬ 1. 
БОКОВ, МАРИНА, милиционер 1 (01:38)

Марина заходит в комнату и ложится на диван. Берёт с",1,0,0,0,0,Mild,None,None,None,None,0.33,0.0,0.0,0.0,0.0
"яется Боков с тарелкой супа-пюре.

БОКОВ
Ты всё-таки самая женщина из всех женщин в мире - никогда не делаешь того, что тебе говорят.
(забирает сигарету, делает затяжку)
Врач сказал не курить и есть. [ep: a=Mild]

МАРИНА
(очень сиплым, практически неразличимым голосом)
Мне больно есть.

БОКОВ
Это смотря что. Попробуй
(кормит жену из ложки)
Если перестанешь капризничать, всё скоро пройдёт.

Жена пр",0,0,0,1,0,None,None,None,Mild,None,0.0,0.0,0.0,0.33,0.0
"БОКОВ
Тут такое дело… Манюнь… Мне надо улететь в Москву. Но я одним днём постараюсь. Маме позвоню, чтоб следила за тобой.

МАРИНА
Не надо маму.

Боков нежно целует плачущую жену, прижимает к груди. [ep: s=Mild]

[Labels: v=None, sc=None, p=None, s=Mild, a=Mild]

1-5. НАТ. АЭРОПОРТ МОСКВЫ.СТОЯНКА МИЛИЦЕЙСКИЙ “БОБИК” НОЧЬ 1. 
БОКОВ, пассажиры (25) (00:30)

Дождь льёт стеной, из аэропорта выходит т",0,1,0,0,0,None,Mild,None,None,None,0.0,0.33,0.0,0.0,0.0
"стоянки несколько раз “моргает” дальний свет. Боков видит, что сигналы подаёт милицейский УАЗик и идёт к нему. По дороге к машине пытается курить - безуспешно. Сплёвывает досадливо. Залезает в УАЗик. [ep: a=Mild]

[Labels: v=None, sc=None, p=None, s=None, a=Mild]

1-6. НАТ. АЭРОПОРТ МОСКВЫ.СТОЯНКА МИЛИЦЕЙСКИЙ “БОБИК” НОЧЬ 1. 
БОКОВ, ДОБРОВОЛЬСКАЯ (01:39)

Боков наконец-то нормально закуривает и не",0,0,0,1,0,None,None,None,Mild,None,0.0,0.0,0.0,0.33,0.0
"None, p=None, s=None, a=Mild]

1-6. НАТ. АЭРОПОРТ МОСКВЫ.СТОЯНКА МИЛИЦЕЙСКИЙ “БОБИК” НОЧЬ 1. 
БОКОВ, ДОБРОВОЛЬСКАЯ (01:39)

Боков наконец-то нормально закуривает и недоумённо смотрит на водительницу. [ep: a=Mild]
ДОБРОВОЛЬСКАЯ
Здравствуйте, следователь Одинцовской прокуратуры Наталья Добровольская. Добро пожаловать.
БОКОВ
Да какой вы следователь, вы ж даже ж не мужчина.
Хмыкает. Добровольская трог",0,0,0,1,0,None,None,None,Mild,None,0.0,0.0,0.0,0.33,0.0
"ает со стоянки.
ДОБРОВОЛЬСКАЯ
Как в Ростове? Лето уже вовсю?
Добровольская резко тормозит на светофоре и Боков чуть не влетает головой в стекло.
БОКОВ
В Ростове говорят: “За рулём пизда…Это не езда”. [ep: p=Severe]
(Слово “пизда” Боков произносит одними губами, не вслух.) Добровольская трогается с места. Дождь заливает стекло, практически ничего не видно. Едут молча. Молча выезжают на Рублёвку, ма",0,0,1,0,0,None,None,Severe,None,None,0.0,0.0,1.0,0.0,0.0
"остова. У нас таких нет. Тут район спокойный, Рублёвка. Ну тут учёные же, правительство, артисты живут. Иногда по пьяни пошумит кто-нибудь или обворуют. Да и всё. Ну, деревенские ещё могут подраться. [ep: v=Severe]
БОКОВ
Остановите на минуту.
Выходит отлить. Возвращается. [ep: s=Moderate]
БОКОВ
А что-то пустынно как-то у вас. И фонарей нет. А ещё правительство.
ДОБРОВОЛЬСКАЯ
Всё будет. Ресторан во",1,0,0,0,0,Severe,None,None,None,None,1.0,0.0,0.0,0.0,0.0
"правительство, артисты живут. Иногда по пьяни пошумит кто-нибудь или обворуют. Да и всё. Ну, деревенские ещё могут подраться. [ep: v=Severe]
БОКОВ
Остановите на минуту.
Выходит отлить. Возвращается. [ep: s=Moderate]
БОКОВ
А что-то пустынно как-то у вас. И фонарей нет. А ещё правительство.
ДОБРОВОЛЬСКАЯ
Всё будет. Ресторан вон уже строить начинают, прям вдоль дороги. Скоро не узнаем Рублёвку. Дере",0,1,0,0,0,None,Moderate,None,None,None,0.0,0.66,0.0,0.0,0.0
"квозь ливень и темноту. Сворачивают с Рублёвки, машину начинает трясти. Добровольская прибавляет газ.
БОКОВ
Больше скорость, меньше ям,
Добровольская подхватывает.
ДОБРОВОЛЬСКАЯ
Больше ебли слесарям. [ep: p=Severe]

[Labels: v=None, sc=None, p=Severe, s=Moderate, a=Mild]

1-7. ИНТ. ОТДЕЛЕНИЕ МИЛИЦИИ ОДИНЦОВО.ДЕЖУРКА КОРИДОР У КПЗ НОЧЬ 1. 
БОКОВ, ДОБРОВОЛЬСКАЯ, ХВАН, ПАНОВ, ДЕЖУРНЫЙ 1 (00:38)

В от",0,0,1,0,0,None,None,Severe,None,None,0.0,0.0,1.0,0.0,0.0
"евысокий, коротко стриженный человек в наручниках, смотрит в одну точку (ПАНОВ).

ХВАН
Это отец Панова убитого, раз по статистике чаще всего убийца - близкий родственник - так и на всякий случай вот. [ep: v=Mild]

БОКОВ
Что говорит?

ХВАН
Ничего не говорит. Вообще молчит.

Хван распахивает дверь в кабинет.

[Labels: v=Mild, sc=None, p=None, s=None, a=None]

1-8. ИНТ. ОТДЕЛЕНИЕ МИЛИЦИИ ОДИНЦОВО.КАБ",1,0,0,0,0,Mild,None,None,None,None,0.33,0.0,0.0,0.0,0.0
"1:04)

Стол, стул, портрет Горбачёва на стене.

Боков открывает свой “дипломат”, вынимает оттуда пакет и отдаёт Хвану. В пакете - вяленая рыба.

ХВАН
Ого! Донская! Вещь!

БОКОВ
Шамайку с пивком надо. [ep: a=Mild]

Входит Добровольская. Принюхивается, делает «недовольное лицо», открывает форточку.

Хван выходит. На столе лежит Дело. Боков открывает папку, там фотографии и первые протоколы. Фотограф",0,0,0,1,0,None,None,None,Mild,None,0.0,0.0,0.0,0.33,0.0
"пку, там фотографии и первые протоколы. Фотографии страшные. Изувеченный детский труп: синяки на шее, перерезанное горло, распоротый живот, разрезанная мошонка. Боков перелистывает фотографии и дело. [ep: v=Severe, sc=Severe]

БОКОВ
Время смерти установили?

ДОБРОВОЛЬСКАЯ
Нет пока.

БОКОВ
А нашли его?

ДОБРОВОЛЬСКАЯ
Отец вышел на дорогу в полдевятого вечера сегодня.

БОКОВ
Что эксперты? И по месту",1,0,0,0,1,Severe,None,None,None,Severe,1.0,0.0,0.0,0.0,1.0
"?

Панов молчит.

БОКОВ
Лупу принесите мне.

Хван выходит. Боков внезапно хватает Добровольскую за шею. Большой палец отставляет в сторону.

БОКОВ
Вот так перерезали горло тебе. Артерию! Крови много? [ep: v=Severe]

Добровольская несколько шокирована.

ДОБРОВОЛЬСКАЯ
Много.

БОКОВ
Ты видишь брызги на одежде? Хоть где-нибудь?

ДОБРОВОЛЬСКАЯ
Он мог подойти сзади и кровь тогда брызжет в другую сторону",1,0,0,0,0,Severe,None,None,None,None,1.0,0.0,0.0,0.0,0.0
"де-нибудь?

ДОБРОВОЛЬСКАЯ
Он мог подойти сзади и кровь тогда брызжет в другую сторону.

Хван приносит лупу. Боков берёт лупу и, орудуя ручкой, как ножом, делает движение в районе лобка Добровольской. [ep: v=Mild]

БОКОВ
А потом вырезали все между ног! И бедренная артерия тоже задета! Кровь что делает? [ep: v=Mild]

Добровольская молчит.

БОКОВ
Свищет кровь! Фонтаном! И со спины так не вырежешь! [e",1,0,0,0,0,Mild,None,None,None,None,0.33,0.0,0.0,0.0,0.0
"упу. Боков берёт лупу и, орудуя ручкой, как ножом, делает движение в районе лобка Добровольской. [ep: v=Mild]

БОКОВ
А потом вырезали все между ног! И бедренная артерия тоже задета! Кровь что делает? [ep: v=Mild]

Добровольская молчит.

БОКОВ
Свищет кровь! Фонтаном! И со спины так не вырежешь! [ep: v=Mild]

ДОБРОВОЛЬСКАЯ
Он мог снять одежду. Шёл дождь, всю кровь смыл. Панов, снимите одежду.

Панов",1,0,0,0,0,Mild,None,None,None,None,0.33,0.0,0.0,0.0,0.0
". [ep: v=Mild]

БОКОВ
А потом вырезали все между ног! И бедренная артерия тоже задета! Кровь что делает? [ep: v=Mild]

Добровольская молчит.

БОКОВ
Свищет кровь! Фонтаном! И со спины так не вырежешь! [ep: v=Mild]

ДОБРОВОЛЬСКАЯ
Он мог снять одежду. Шёл дождь, всю кровь смыл. Панов, снимите одежду.

Панов не реагирует. Добровольская снимает с него свитер, как с куклы. Расстёгивает рубашку. Боков с",1,0,0,0,0,Mild,None,None,None,None,0.33,0.0,0.0,0.0,0.0
"кая снимает с него свитер, как с куклы. Расстёгивает рубашку. Боков с лупой смотрит сам и показывает Добровольской.

БОКОВ
Ни одной капли крови! Ни одной!

ДОБРОВОЛЬСКАЯ
У него руки были все в крови! [ep: v=Mild]

БОКОВ
Конечно, он нёс растерзанного ребёнка! Оденьте Панова, как было. [ep: v=Severe]

Поворачивается к Панову.

БОКОВ
Соболезную.

ДОБРОВОЛЬСКАЯ
Витя, одень Панова, пожалуйста.

Выходит",1,0,0,0,0,Mild,None,None,None,None,0.33,0.0,0.0,0.0,0.0
"ам и показывает Добровольской.

БОКОВ
Ни одной капли крови! Ни одной!

ДОБРОВОЛЬСКАЯ
У него руки были все в крови! [ep: v=Mild]

БОКОВ
Конечно, он нёс растерзанного ребёнка! Оденьте Панова, как было. [ep: v=Severe]

Поворачивается к Панову.

БОКОВ
Соболезную.

ДОБРОВОЛЬСКАЯ
Витя, одень Панова, пожалуйста.

Выходит. Боков выходит за ней.

[Labels: v=Severe, sc=None, p=None, s=None, a=None]

1-10. И",1,0,0,0,0,Severe,None,None,None,None,1.0,0.0,0.0,0.0,0.0
"тские шалости, наверняка.
Подходит Хван.
БОКОВ
Знаешь, кто такой хороший свидетель? Тот, кто пока живой. Какогохеравы вообще ничего не сделали?! Вообще! Ничего!!!! Поехали. Виктор, ты давай за рулём. [ep: p=Moderate]
Добровольская открывает рот, чтобы возмутиться, щеки её пылают.
БОКОВ
А ты, Наталья, иди веди своё расследование, как ты умеешь. Доказывай, что это Панов, или ещё, может, какие мысли",0,0,1,0,0,None,None,Moderate,None,None,0.0,0.0,0.66,0.0,0.0
"ывайте.

Дверь открывается щёлочкой, за ней крепко выпивший и, судя по всему, только проснувшийся Мальцев. Он пытается соображать, но получается с трудом. Оборачивается в дом. Слышны детские рыдания. [ep: a=Mild]

МАЛЬЦЕВ
Мааааш! Мааааш! Подойди, пожалуйста!

[Labels: v=None, sc=None, p=None, s=None, a=Mild]

1-12. ИНТ. ДАЧА МАЛЬЦЕВЫХ.ГОСТИНАЯ НОЧЬ 1. 
БОКОВ, ХВАН, МАЛЬЦЕВА, ИГОРЬ, МАЛЬЦЕВ, собака",0,0,0,1,0,None,None,None,Mild,None,0.0,0.0,0.0,0.33,0.0
"а начала лаять. Я посмотрел - а там лес раздвинулся и оттуда выходит человек. Огромный, высоченный, настоящий великан. И весь в крови... И у него волосы белые, длинные. И он как зарычит! На весь лес! [ep: v=Mild]

МАЛЬЦЕВ
Молодец, больше деталей - тогда точно поверят.

Игорь не считывает иронии, воспринимает слова отца как поддержку.

ИГОРЬ
Вы “Сказку за сказкой про сказочное путешествие мистера Б",1,0,0,0,0,Mild,None,None,None,None,0.33,0.0,0.0,0.0,0.0
"путешествие мистера Бильбо Беггинса, Хоббита, через дикий край, чёрный лес, за туманные горы” видели? Вот он как Гендальф был, только весь в крови. И руки, и волосы белые, и мальчик у него на руках. [ep: v=Mild]

БОКОВ
Это во сколько было?

ИГОРЬ
Не знаю.

БОКОВ
Он во сколько гулял?

МАЛЬЦЕВА
В начале девятого дома был.

БОКОВ
А можешь нарисовать?

МАЛЬЦЕВА
Да он вам сейчас нарисует… Он просто оч",1,0,0,0,0,Mild,None,None,None,None,0.33,0.0,0.0,0.0,0.0
"Прибегает Игорь. Он принёс фломастеры. Начинает быстро дорисовывать: огромный человек с длинными ногами, много красного, всё в крови, маленький мальчик с маленькой собакой. Боков внимательно смотрит. [ep: v=Mild]

БОКОВ
Ничего не перепутал? Огромный человек с длинными волосами?

ИГОРЬ
Честное слово!

БОКОВ
Что ещё рассмотрел? Одет как был человек?

ИГОРЬ
Больше ничего не рассмотрел. Я испугался оч",1,0,0,0,0,Mild,None,None,None,None,0.33,0.0,0.0,0.0,0.0
"шёл искать его.

ПАНОВА
Он очень злой был, что в выходной надо идти куда-то, мы же отдыхать сюда приезжали. Говорил всё: «Найду – убью».

ДОБРОВОЛЬСКАЯ
То есть вы считаете, что ваш муж мог его убить? [ep: v=Mild]

ПАНОВА
(вдруг задумывается)
Я вот Андрея опознавала. Ну вот сказала, что он. А сейчас думаю - нет. Не он это. Это не мой сын.

Панова внезапно начинает плакать. Резко, словно открыли кра",1,0,0,0,0,Mild,None,None,None,None,0.33,0.0,0.0,0.0,0.0
"вот Андрея опознавала. Ну вот сказала, что он. А сейчас думаю - нет. Не он это. Это не мой сын.

Панова внезапно начинает плакать. Резко, словно открыли кран.

ДОБРОВОЛЬСКАЯ
Мог ваш зять убить внука? [ep: v=Mild]

БАБУШКА ПАНОВА
Ну он же у нас афганец. На него находит иногда. Мог его ударить. Побить даже мог. Ну чтоб не курил, за дело. Но чтоб убить - ну не знаю. [ep: v=Mild]

ДОБРОВОЛЬСКАЯ
Можно",1,0,0,0,0,Mild,None,None,None,None,0.33,0.0,0.0,0.0,0.0
"ОЛЬСКАЯ
Мог ваш зять убить внука? [ep: v=Mild]

БАБУШКА ПАНОВА
Ну он же у нас афганец. На него находит иногда. Мог его ударить. Побить даже мог. Ну чтоб не курил, за дело. Но чтоб убить - ну не знаю. [ep: v=Mild]

ДОБРОВОЛЬСКАЯ
Можно посмотреть комнату мальчика?

БАБУШКА ПАНОВА
Да у него нет комнаты тут, он вот здесь на диване спал.

ДОБРОВОЛЬСКАЯ
А вещи какие-то есть Андрея?

БАБУШКА ПАНОВА
Ну во",1,0,0,0,0,Mild,None,None,None,None,0.33,0.0,0.0,0.0,0.0
"т внимание на стоящую за стеклом стереоткрытку с подмигивающей японкой, а за ней видит ручку с девушкой в купальнике. Открывает стекло - переворачивает ручку, девушка на картинке остаётся обнажённой. [ep: s=Severe]

[Labels: v=Mild, sc=None, p=None, s=Severe, a=None]

1-14. НАТ. МИЛИЦЕЙСКИЙ АВТОМОБИЛЬ НОЧЬ 1. 
БОКОВ, ХВАН (01:04)

Едут.  Боков смотрит на рисунок.

ХВАН
Я думаю, врёт он все.

БОКОВ",0,1,0,0,0,None,Severe,None,None,None,0.0,1.0,0.0,0.0,0.0
", sc=None, p=None, s=None, a=None]

1-15. ИНТ. МОРГ.ПРОЗЕКТОРСКАЯ НОЧЬ 1. 
БОКОВ, ДОБРОВОЛЬСКАЯ, ЭКСПЕРТ, труп Андрея Панова (01:55)

На столе - труп ребёнка. Вокруг - Боков, Добровольская и ЭКСПЕРТ. [ep: v=Severe, sc=Mild]
БОКОВ
Время смерти?
ЭКСПЕРТ
5-6 часов вечера.
БОКОВ
Изнасилован?
ЭКСПЕРТ
Нет, следов изнасилования нет.
Боков внимательно рассматривает повреждения. Смотрит на зияющую дыру на",1,0,0,0,1,Severe,None,None,None,Mild,1.0,0.0,0.0,0.0,0.33
"БОКОВ
Время смерти?
ЭКСПЕРТ
5-6 часов вечера.
БОКОВ
Изнасилован?
ЭКСПЕРТ
Нет, следов изнасилования нет.
Боков внимательно рассматривает повреждения. Смотрит на зияющую дыру на месте половых органов. [ep: v=Severe]
БОКОВ
Края повреждений вялые, ткани в глубине бледные, края ран не зияют, кровоизлияния отсутствуют. Правильно понимаю, шо это всё он отрезал после смерти? [ep: v=Severe]
ЭКСПЕРТ
Да, вс",1,0,0,0,0,Severe,None,None,None,None,1.0,0.0,0.0,0.0,0.0
"ру на месте половых органов. [ep: v=Severe]
БОКОВ
Края повреждений вялые, ткани в глубине бледные, края ран не зияют, кровоизлияния отсутствуют. Правильно понимаю, шо это всё он отрезал после смерти? [ep: v=Severe]
ЭКСПЕРТ
Да, все верно.
ДОБРОВОЛЬСКАЯ
Значит, в момент нанесения повреждений, кровь уже не брызгала из трупа?
ЭКСПЕРТ
Ну фонтаном не била, да.
Добровольская победно смотрит на Бокова, то",1,0,0,0,0,Severe,None,None,None,None,1.0,0.0,0.0,0.0,0.0
"онтаном не била, да.
Добровольская победно смотрит на Бокова, тот не обращает на неё внимания, осматривает тело дальше.
БОКОВ
То есть сначала он задушил мальчика, потом… потом, уже мёртвому, отрезал… [ep: v=Severe]
Косится на Добровольскую и не договаривает фразу.
БОКОВ
Потом перерезал горло. [ep: v=Severe]
ЭКСПЕРТ
Скорее, горло перерезал, пока мальчик был ещё жив. Слишком много крови. А всё остал",1,0,0,0,0,Severe,None,None,None,None,1.0,0.0,0.0,0.0,0.0
"осматривает тело дальше.
БОКОВ
То есть сначала он задушил мальчика, потом… потом, уже мёртвому, отрезал… [ep: v=Severe]
Косится на Добровольскую и не договаривает фразу.
БОКОВ
Потом перерезал горло. [ep: v=Severe]
ЭКСПЕРТ
Скорее, горло перерезал, пока мальчик был ещё жив. Слишком много крови. А всё остальное да, так. [ep: v=Severe]
Боков выразительно смотрит на Добровольскую.
БОКОВ
Следов спермы",1,0,0,0,0,Severe,None,None,None,None,1.0,0.0,0.0,0.0,0.0
"Косится на Добровольскую и не договаривает фразу.
БОКОВ
Потом перерезал горло. [ep: v=Severe]
ЭКСПЕРТ
Скорее, горло перерезал, пока мальчик был ещё жив. Слишком много крови. А всё остальное да, так. [ep: v=Severe]
Боков выразительно смотрит на Добровольскую.
БОКОВ
Следов спермы совсем нет?
ЭКСПЕРТ
Возможно, смыло всё дождём, не исключаю такого варианта.
ДОБРОВОЛЬСКАЯ
А во рту смотрели?
БОКОВ
Прия",1,0,0,0,0,Severe,None,None,None,None,1.0,0.0,0.0,0.0,0.0
"овольскую.
БОКОВ
Следов спермы совсем нет?
ЭКСПЕРТ
Возможно, смыло всё дождём, не исключаю такого варианта.
ДОБРОВОЛЬСКАЯ
А во рту смотрели?
БОКОВ
Приятно иметь дело с профессионалом в своей области. [ep: s=Mild]
ЭКСПЕРТ
Ещё не дошли.
БОКОВ
Отчёт по характеру повреждений подробный во сколько сделаете?
ЭКСПЕРТ
48 часов обычно.
БОКОВ
Мне завтра в Генке докладывать, и я улетаю вечером, так шо постара",0,1,0,0,0,None,Mild,None,None,None,0.0,0.33,0.0,0.0,0.0
"контуженный он, говорят. Я его, по-честному если, давно хотел уволить. На партком вызывал.

ХВАН
За что?

ДИРЕКТОР
Он несколько раз избивал пассажиров. Кто-то ему замечания делал - он сразу в драку. [ep: v=Mild]

ХВАН
А вы что скажете?

ВОДИТЕЛЬ
Нормальный он мужик. Всегда поможет, прикроет, ну горячий да, как чайник - раз, и засвистел уже.

ХВАН
В субботу работал? По минутам расписание дайте его",1,0,0,0,0,Mild,None,None,None,None,0.33,0.0,0.0,0.0,0.0
"=None]

1-17. НАТ. АВТОБУС.КАБИНА НОЧЬ 1. 
ХВАН, водитель (00:12)

Рядом с вымпелом, висящем на лобовом стекле, - наклейка с девушкой в купальнике. На торпеде - календарик с переливающейся красоткой. [ep: s=Moderate]

ХВАН
Он озабоченный, что ли?

ВОДИТЕЛЬ
Нууу… просто же красиво. Чего сразу озабоченный?

[Labels: v=None, sc=None, p=None, s=Moderate, a=None]

1-18. ИНТ. ОТДЕЛЕНИЕ МИЛИЦИИ ОДИНЦОВО.",0,1,0,0,0,None,Moderate,None,None,None,0.0,0.66,0.0,0.0,0.0
"зговора Боков резко кладёт трубку, закуривает.

Мы видим только очень быстро сгорающую сигарету, так бывает, когда человек делает одну затяжку за другой, то есть курит не в удовольствие, а от нервов. [ep: a=Mild]

[Labels: v=None, sc=None, p=None, s=None, a=Mild]

1-19. НАТ. ЛЕС.ЧАЩА УТРО 2. 
 сотрудник милиции 3, курсанты военные (25), сотрудники милиции (24)(00:05)

Масштабная сцена. Цепь курсан",0,0,0,1,0,None,None,None,Mild,None,0.0,0.0,0.0,0.33,0.0
"риводит к месту трагедии. Похоже, крови было много, но сейчас она осталась только некоторых лужицах. Красная вода… никаких предметов или одежды. Кинолог останавливается и вызывает по рации экспертов. [ep: v=Mild]

[Labels: v=Mild, sc=None, p=None, s=None, a=None]

1-19- D. НАТ. ЛЕС.МЕСТО УБИЙСТВА УТРО 2. 
БОКОВ, ДОБРОВОЛЬСКАЯ, ЭКСПЕРТ, ЭКСПЕРТ-ФОТОГРАФ, ЭКСПЕРТ 1, КИНОЛОГ, немецкая овчарка

Боков",1,0,0,0,0,Mild,None,None,None,None,0.33,0.0,0.0,0.0,0.0
"ОБРОВОЛЬСКАЯ
Убийца подошёл сзади и сразу стал его душить. Вы там если обратили внимание, следы на шее характерные, снизу вверх, то есть с большой высоты как бы. Вряд ли убийца такого высокого роста. [ep: v=Mild]
БОКОВ
А вот Игорь Мальцев говорит, что видел с мальчиком человека очень высокого роста!
ДОБРОВОЛЬСКАЯ
Ну вы не соизволили же отчёт написать, откуда я бы про это узнала, по-вашему?
ЭКСПЕРТ",1,0,0,0,0,Mild,None,None,None,None,0.33,0.0,0.0,0.0,0.0
"ил, вступил в контакт, возможно попросил продать рыбу, Андрей стал рыбу показывать, и тут он его задушил. Потом тащил. Довольно далеко.
Боков и Эксперт идут по поляне с кровью. Добровольская за ними. [ep: v=Mild]
БОКОВ
Раздел. Насиловать не стал, но резал ножом. Вот здесь. Потом забрал все его вещи и куда-то спрятал. [ep: v=Severe]
ЭКСПЕРТ
Или унёс с собой. Как фетиш.
БОКОВ
Хуёво. [ep: p=Severe]
О",1,0,0,0,0,Mild,None,None,None,None,0.33,0.0,0.0,0.0,0.0
"Довольно далеко.
Боков и Эксперт идут по поляне с кровью. Добровольская за ними. [ep: v=Mild]
БОКОВ
Раздел. Насиловать не стал, но резал ножом. Вот здесь. Потом забрал все его вещи и куда-то спрятал. [ep: v=Severe]
ЭКСПЕРТ
Или унёс с собой. Как фетиш.
БОКОВ
Хуёво. [ep: p=Severe]
Оборачивается к Добровольской.
БОКОВ
Не было у Панова вещей случайно, а, Наталья? Или может он их спрятал куда-то? Не ра",1,0,0,0,0,Severe,None,None,None,None,1.0,0.0,0.0,0.0,0.0
"льская за ними. [ep: v=Mild]
БОКОВ
Раздел. Насиловать не стал, но резал ножом. Вот здесь. Потом забрал все его вещи и куда-то спрятал. [ep: v=Severe]
ЭКСПЕРТ
Или унёс с собой. Как фетиш.
БОКОВ
Хуёво. [ep: p=Severe]
Оборачивается к Добровольской.
БОКОВ
Не было у Панова вещей случайно, а, Наталья? Или может он их спрятал куда-то? Не рассказал вам? Может, есть идеи, зачем он это сделал?
Добровольская",0,0,1,0,0,None,None,Severe,None,None,0.0,0.0,1.0,0.0,0.0
"лья? Или может он их спрятал куда-то? Не рассказал вам? Может, есть идеи, зачем он это сделал?
Добровольская молчит.
Боков внимательно осматривает поляну.
БОКОВ
Дождь ещё этот, всё, сука, смыло, всё… [ep: p=Severe]
Боков вдруг обращает внимание на пакет с рыбами, аккуратно приподнимает его – удача: под пакетом сохранился отпечаток.Боков делает знак Эксперту и Кинологу. Закуривает. [ep: a=Mild]
Экс",0,0,1,0,0,None,None,Severe,None,None,0.0,0.0,1.0,0.0,0.0
"ка, смыло, всё… [ep: p=Severe]
Боков вдруг обращает внимание на пакет с рыбами, аккуратно приподнимает его – удача: под пакетом сохранился отпечаток.Боков делает знак Эксперту и Кинологу. Закуривает. [ep: a=Mild]
Эксперт-фотограф фотографирует, измеряет, диктует.
ЭКСПЕРТ
След от обуви, длина 28 см, ширина 15, глубина 5.
Делает слепки.
БОКОВ
(Добровольской)
У отца какой размер обуви?
ДОБРОВОЛЬСКАЯ",0,0,0,1,0,None,None,None,Mild,None,0.0,0.0,0.0,0.33,0.0
"ль от костра раздаётся голос.
СОТРУДНИК 3 (ЗК)
Есть! Нашёл!

Подходит Эксперт, поднимает обгоревшую часть фотокарточки, очевидно, что это остатки порнографического сюжета, унесённые ветром из костра. [ep: s=Moderate]

ЭКСПЕРТ
Обгоревший фрагмент фотографии.

Складывает в полиэтиленовый пакет для вещдоков, понятые расписываются.

КИНОЛОГ
Следы уходят в реку и все, с концами. Будем искать вдоль реки",0,1,0,0,0,None,Moderate,None,None,None,0.0,0.66,0.0,0.0,0.0
"ь хорошо! Без меня не докладывай, хочу посмотреть, как она будет закусывать губу, шоб не заплакать от обиды.
Хван выходит, Боков закуривает, звонит по телефону через восьмёрку. Никто не берёт трубку. [ep: a=Mild]
В кабинет приводят Панова. Он по-прежнему в наручниках. Какой-то весь сгорбленный, маленький, идёт очень медленно, в бессознательном состоянии. Боков указывает ему на стул. Панов садится.",0,0,0,1,0,None,None,None,Mild,None,0.0,0.0,0.0,0.33,0.0
"детей, сколько дай бог никому не видеть за всю жизнь. Тот, кто их убивает, - не просто убийца. Он, как бы вам объяснить. Он сам как ребёнок, такой… очень злой. Который лапки жукам отрывает и смотрит. [ep: v=Severe]
Панов как будто не слышит Бокова. Он продолжает смотреть в стену с совершенно отрешённым лицом.
БОКОВ
У меня для вас важные слова есть. Если это так можно сказать. Ваш сын - не страдал.",1,0,0,0,0,Severe,None,None,None,None,1.0,0.0,0.0,0.0,0.0
"бинета Панов вдруг оборачивается.
ПАНОВ
Я на войне много людей убил. И один раз убил ребёнка. И мать его меня прокляла. И вот это проклятье и забрало у меня сына. Вы ничего не найдёте. Это злой джин. [ep: v=Severe]
Хван выводит Панова из кабинета. Боков закуривает, смотрит в окно. [ep: a=Mild]
Заходит Добровольская.
ДОБРОВОЛЬСКАЯ
Готово заключение экспертов, и я написала опрос родственников погибш",1,0,0,0,0,Severe,None,None,None,None,1.0,0.0,0.0,0.0,0.0
"ил ребёнка. И мать его меня прокляла. И вот это проклятье и забрало у меня сына. Вы ничего не найдёте. Это злой джин. [ep: v=Severe]
Хван выводит Панова из кабинета. Боков закуривает, смотрит в окно. [ep: a=Mild]
Заходит Добровольская.
ДОБРОВОЛЬСКАЯ
Готово заключение экспертов, и я написала опрос родственников погибшего, готова доложить.
БОКОВ
От вас пахнет “Дружбой народов”.
ДОБРОВОЛЬСКАЯ
(пауза)",0,0,0,1,0,None,None,None,Mild,None,0.0,0.0,0.0,0.33,0.0
"и. После чего преступник сжёг одежду и вещи ребёнка, и исчез в реке. Отпечатков пальцев нет, из улик - биоматериалы преступника во рту мальчика, отпечаток ноги и обгоревшая порнографическая карточка. [ep: v=Mild, s=Moderate]

КОЗЫРЕВ
Козырев, следователь по особо важным делам при прокуратуре СССР. Нас пока мало интересуют детали. Давайте сразу с выводов. Это Ростовский маньяк?

БОКОВ
За этот вопро",1,1,0,0,0,Mild,Moderate,None,None,None,0.33,0.66,0.0,0.0,0.0
"внешне они слишком разные, чтобы подружиться.

Несколько шагов идут молча, пока не доходят до очереди.

КОЗЫРЕВ
Слушай, бананы выбросили. Давай постоим? Мне домой надо.

БОКОВ
На хера? Они ж зелёные. [ep: p=Moderate]

КОЗЫРЕВ
На антресоли положить - и дозреют. В них, между прочим, источник эндорфинов - гормонов счастья.

БОКОВ
Хорошо тебе живётся, если ты от бананов счастливым становишься.

КОЗЫРЕ",0,0,1,0,0,None,None,Moderate,None,None,0.0,0.0,0.66,0.0,0.0
"ЫРЕВ
Ты позже прилетел, я уточнял. Тебе как Москва? Первый раз?

БОКОВ
Первый раз… я вижу, чтоб пацану мошонку вырезали и в глотку запихали. А Москву вашу сто раз видел и ещё б столько же ж не видел. [ep: v=Mild]

КОЗЫРЕВ
Это у нас сейчас так стало, в последние пару лет. До этого порядок был и закон. Особенно при Андропове.

БОКОВ
Бананы при Андропове были спелыми? Или не портились на антресолях?",1,0,0,0,0,Mild,None,None,None,None,0.33,0.0,0.0,0.0,0.0
"удный. Давай по делу. Мне надо в Ростов очень. Напиши на меня заяву, шоб меня сняли с дела? И сам оставайся главным? Тебе ж противно, шо я начальник? А я даже оправдываться не буду. И с меня шамайка. [ep: p=Severe]

КОЗЫРЕВ
Никаких оснований для заявления на тебя у меня нет. Как руководство решило - так и будем работать.

БОКОВ
Ладно, я тебе эти основания организую.

Разворачивается и уходит.Козыр",0,0,1,0,0,None,None,Severe,None,None,0.0,0.0,1.0,0.0,0.0
"9)

Мальчик Игорь смотрит по видеомагнитофону “Звёздные войны”.

ГОЛОС (ЗК)
В роли принцессы Леи - Керри Фишер.

В комнату заходит отец, с коньячным бокалом и блокнотом. Ставит бокал. Выключает кино. [ep: a=Mild]

МАЛЬЦЕВ
Извини, я тебе не поверил. И был неправ. Я умею признавать свои ошибки. И ты учись. Вот тебе подарок, чтоб ты запомнил эту важную вещь.

Отдаёт Игорю блокнот в красной кожаной об",0,0,0,1,0,None,None,None,Mild,None,0.0,0.0,0.0,0.33,0.0
"рналист! И выдумки можешь записывать, и правду.

Треплет сына по голове.

МАЛЬЦЕВ
Спускайся давай, у нас гости.

ИГОРЬ
Спасибо. Я не хочу. Я тогда очень испугался. Он был совсем голый и весь в крови. [ep: v=Severe]

МАЛЬЦЕВ
Да я понял, напиши уже все это на бумаге, выплесни моральную травму и давай двигаться дальше.

Берёт бокал, отпивает коньяк. Берёт Игоря за плечи и ведёт вниз. [ep: a=Mild]

[L",1,0,0,0,0,Severe,None,None,None,None,1.0,0.0,0.0,0.0,0.0
"и весь в крови. [ep: v=Severe]

МАЛЬЦЕВ
Да я понял, напиши уже все это на бумаге, выплесни моральную травму и давай двигаться дальше.

Берёт бокал, отпивает коньяк. Берёт Игоря за плечи и ведёт вниз. [ep: a=Mild]

[Labels: v=Severe, sc=None, p=None, s=None, a=Mild]

1-25. ИНТ. ДАЧА МАЛЬЦЕВЫХ.ГОСТИНАЯ НОЧЬ 2. 
ИГОРЬ, МАЛЬЦЕВ, МАЛЬЦЕВА, ЧЕЛОВЕК В МОДНЫХ ОЧКАХ, женщина, гость мужчина, гость женщина (",0,0,0,1,0,None,None,None,Mild,None,0.0,0.0,0.0,0.33,0.0
"хохот, веселье, играет “на недельку до второго”. Ярко накрашенная женщина перекрикивает Игоря Скляра:

ЖЕНЩИНА
На недельку, до второго, закопаем Горбачёва. Откопаем Брежнева — будем пить по-прежнему. [ep: v=Mild, a=Mild]

Все хохочут. Игорь пишет в своём блокноте союза журналистов:

“Меня окружают пустые, глупые, ужасные люди.”

ЧЕЛОВЕК В МОДНЫХ ОЧКАХ
А слушали “Голос Америки” позавчера? Там про Р",1,0,0,1,0,Mild,None,None,Mild,None,0.33,0.0,0.0,0.33,0.0
"кружают пустые, глупые, ужасные люди.”

ЧЕЛОВЕК В МОДНЫХ ОЧКАХ
А слушали “Голос Америки” позавчера? Там про Рублёвку рассказывали, убийство ребёнка и полный правовой беспредел. Вот и вошли в историю. [ep: v=Severe]
(Мальцеву)
А ты бы, Геннадий, взял, да и сделал для них репортаж. Со всеми подробностями.

МАЛЬЦЕВ
Чтоб меня из союза попёрли?

МАЛЬЦЕВА
Из Советского-то? Да с удовольствием!

МАЛЬЦЕВ
Я",1,0,0,0,0,Severe,None,None,None,None,1.0,0.0,0.0,0.0,0.0
"летает цепь. Мальчик бросает велик и хочет бежать, но… Впереди на дороге его поджидает ВЕДЬМА - костлявые руки, длинные седые волосы. Мальчик бросается бежать, но на его пути стог сена. Он в западне! [ep: sc=Mild]

Ведьма протягивает к мальчику костлявую руку. Петя зажмуривает глаза от ужаса!

[Labels: v=None, sc=Mild, s=None, p=None, a=None]

1-2. ИНТ. ПОЕЗД. КУПЕ - ДЕНЬ
ПРОВОДНИЦА, ПАССАЖИРКА, П",0,0,0,0,1,None,None,None,None,Mild,0.0,0.0,0.0,0.0,0.33
", сорок процентов преступников повторно нарушают закон.
(пауза)
Без пяти восемь ты вышла из нашего купе, я видела! Куда ты пошла?

ЗОЯ
Да, блин, сторис я снимала. Типа еду на всё лето в задницу мира. [ep: p=Mild]

ОХРАННИК РЖД
И ты не заметила ничего странного?

ЗОЯ
Конечно, заметила! Пудель там придурковатый бегал, а проводница его ловила! Я их даже засняла! Стопудов завирусит!

Зоя показывает ви",0,0,1,0,0,None,None,Mild,None,None,0.0,0.0,0.33,0.0,0.0
"сь)
Что, реально настоящая ведьма?!

Зоя заинтересованно снимает на телефон.

БАБУШКА
(с усмешкой)
Говорят, она непослушных детей к себе заманивает и мыло из них делает... Так что ведите себя хорошо. [ep: sc=Mild]

ДЕДУШКА
(Бабушке)
Зой! Хватит детей пугать! Бывший криминалист, ученый, можно сказать, а городишь всякую ерунду.

Дедушка, что-то подкрутив, закрывает капот, садится за руль.

ВАРВАРА
А",0,0,0,0,1,None,None,None,None,Mild,0.0,0.0,0.0,0.0,0.33
"ок мыла в мыльницу, быстро смывает.

ЗОЯ
(Варе, стоящей сзади)
Будешь меня доставать - ведьме на мыло отдам!

ВАРВАРА
Зачем я ей? У меня мало жира в организме. А вот из тебя вагон мыла можно сделать! [ep: v=Mild]

Варвара отходит, не помыв руки. 

ПЕРЕХОД:

[Labels: v=Mild, sc=None, s=None, p=None, a=None]


1-11. ИНТ. ДОМ ВАРВАРЫ. ГОСТИНАЯ – ДЕНЬ
ВАРВАРА, ЗОЯ, ДЕДУШКА, БАБУШКА, ВАСЯ

Дедушка зано",1,0,0,0,0,Mild,None,None,None,None,0.33,0.0,0.0,0.0,0.0
"Николь.

Дедушка смотрит на Варю, которая уткнулась в газету.

ДЕДУШКА
А тебя нам как называть?

ВАРВАРА
Просто Варвара. У меня нет экзистенциальных проблем, как у моей умственно ограниченной сестры. [ep: p=Mild]

ЗОЯ
Слышь! Я тебя сейчас сама ограничу! [ep: v=Mild]

БАБУШКА
Девочки, не ссорьтесь! Сестры должны дружить друг с другом. 

ЗОЯ
Зануда мелкая. [ep: p=Mild]

Зоя утыкается в телефон.

Дед",0,0,1,0,0,None,None,Mild,None,None,0.0,0.0,0.33,0.0,0.0
"газету.

ДЕДУШКА
А тебя нам как называть?

ВАРВАРА
Просто Варвара. У меня нет экзистенциальных проблем, как у моей умственно ограниченной сестры. [ep: p=Mild]

ЗОЯ
Слышь! Я тебя сейчас сама ограничу! [ep: v=Mild]

БАБУШКА
Девочки, не ссорьтесь! Сестры должны дружить друг с другом. 

ЗОЯ
Зануда мелкая. [ep: p=Mild]

Зоя утыкается в телефон.

Дедушка и бабушка переглядываются.

ДЕДУШКА
Варь, что инт",1,0,0,0,0,Mild,None,None,None,None,0.33,0.0,0.0,0.0,0.0
"как у моей умственно ограниченной сестры. [ep: p=Mild]

ЗОЯ
Слышь! Я тебя сейчас сама ограничу! [ep: v=Mild]

БАБУШКА
Девочки, не ссорьтесь! Сестры должны дружить друг с другом. 

ЗОЯ
Зануда мелкая. [ep: p=Mild]

Зоя утыкается в телефон.

Дедушка и бабушка переглядываются.

ДЕДУШКА
Варь, что интересного в газете пишут?

Варвара показывает им фотографию пугало в газете.

ВАРВАРА
Эта газета вышла н",0,0,1,0,0,None,None,Mild,None,None,0.0,0.0,0.33,0.0,0.0
". Вася замирает, крадётся к закрытому окну. Шорох нарастает. Васька зажмуривается и резко отодвигает занавеску. Перед ним в окне... ВАРВАРА! Васька вскрикивает от неожиданности, потом открывает окно. [ep: sc=Mild]

ВАСЯ
Что ты тут делаешь?

ВАРВАРА
(с любопытством заглядывая в комнату)
А ты чего так испугался?

ВАСЯ
Ничего я не испугался!

ВАРВАРА
Ты побледнел, свёл брови, сжал губы! Это признаки",0,0,0,0,1,None,None,None,None,Mild,0.0,0.0,0.0,0.0,0.33
"е пугало приходило?

ВАСЯ
Ты за мной следила?

ВАРВАРА
Ты не знаменитость, чтоб за тобой следить! Случайно увидела!

ВАСЯ
К Серёге приходило, он спрятался, чуть от страха не умер! А к Тимуру ещё нет. [ep: sc=Mild]

Чу! Слышится шорох за окном. Васька бежит внутрь круга. Варвара остаётся у окна. [ep: sc=Mild]

ВАРВАРА
Да не бойся ты так! Это ветер! Если бы ты дочитал ""Вия"", знал бы, что круг от неч",0,0,0,0,1,None,None,None,None,Mild,0.0,0.0,0.0,0.0,0.33
"! Случайно увидела!

ВАСЯ
К Серёге приходило, он спрятался, чуть от страха не умер! А к Тимуру ещё нет. [ep: sc=Mild]

Чу! Слышится шорох за окном. Васька бежит внутрь круга. Варвара остаётся у окна. [ep: sc=Mild]

ВАРВАРА
Да не бойся ты так! Это ветер! Если бы ты дочитал ""Вия"", знал бы, что круг от нечисти не спасает!

ВАСЯ
Как это не спасает?!

ВАРВАРА
У Гоголя в книге Хома в итоге погиб.

ВАСЯ",0,0,0,0,1,None,None,None,None,Mild,0.0,0.0,0.0,0.0,0.33
"ет. Варвара одёргивает занавеску и меняется в лице.

ГЛАЗАМИ ВАРВАРЫ:

На участке и правда стоит пугало в красной кепке. Его освещает свет луны, и оно кажется ожившим. Пугало смотрит в окно на детей. [ep: sc=Mild]

НАЗАД К КОМНАТЕ ВАСЬКИ:

Внезапно дверь комнаты открывается... Варвара смотрит на дверь. Там никого нет. Может, сквозняк. Варя снова поворачивается к окну. Пугало исчезло! В комнате вкл",0,0,0,0,1,None,None,None,None,Mild,0.0,0.0,0.0,0.0,0.33
"АТЕ ВАСЬКИ:

Внезапно дверь комнаты открывается... Варвара смотрит на дверь. Там никого нет. Может, сквозняк. Варя снова поворачивается к окну. Пугало исчезло! В комнате включается свет. Дети в шоке. [ep: sc=Mild]

ВАСЯ
(испуганно)
Оно исчезло?

ВАРВАРА
(глядя в окно)
Вроде да...

ВАСЯ
Может, к Тимуру пошло, или снова к Серёге...

ВАРВАРА
Звони им. Надо их допросить!

[Labels: v=None, sc=Mild, s=N",0,0,0,0,1,None,None,None,None,Mild,0.0,0.0,0.0,0.0,0.33
".

Она разворачивается к окну. Из окна за ней наблюдают три мальчика: Вася, Тимур и Серёжа.

ВАРВАРА
Значит, вы утверждаете, что пугало оживает ночью, идет пугать детей, а потом возвращается на поле? [ep: sc=Mild]

СЕРЁЖА, ВАСЯ, тимур
(вместе)
Утверждаем!

ВАРВАРА
(Серёже)
Когда пугало к тебе приходило, тоже свет гас?

СЕРЁЖА
Так точно!

тимур
А ко мне ещё не приходило. Но я... готовлюсь.

ВАРВАРА",0,0,0,0,1,None,None,None,None,Mild,0.0,0.0,0.0,0.0,0.33
"е приходило. Но я... готовлюсь.

ВАРВАРА
Любопытненько! Нужно проверить, вернулось ли пугало на поле. Берите фонарики и за мной!

СЕРЁЖА
Ты что! Я не пойду!

ТИМУР
Я тоже! Мне сюда было страшно идти! [ep: sc=Mild]

ВАРВАРА
(Васе)
А ты пойдешь? Или тоже струсил?

[Labels: v=None, sc=Mild, s=None, p=None, a=None]

1-25. НАТ. ПОЛЕ – НОЧЬ
ВАРВАРА, ВАСЯ, ВЕДЬМА

Вася и Варвара подходят к полю. Пугало в",0,0,0,0,1,None,None,None,None,Mild,0.0,0.0,0.0,0.0,0.33
"мыло?

ВАСЯ
Это не выдумки! Мне батя так всё время говорит: не будешь слушаться - ведьме на мыло отдам! Не будешь овсянку по утрам есть – ведьма заберет! Получишь двойку – ведьма из тебя мыло сварит! [ep: sc=Mild]

ВАРВАРА
И что же ты, двоек не получаешь?

ВАСЯ
Нет! Только тройки!

ВАРВАРА
Ладно, я пойду одна!

Варвара шагает по полю к пугалу. Вася колеблется, но потом плетётся за ней. У обоих в р",0,0,0,0,1,None,None,None,None,Mild,0.0,0.0,0.0,0.0,0.33
".
Варвара светит фонариком на землю вокруг пугало. Слышится скрип. Вася вздрагивает… Его фонарик барахлит и гаснет. Вася его трясет, фонарик включается и… луч высвечивает стоящую посреди поля Ведьму! [ep: sc=Mild]

Дети кричат от ужаса! Фонарик падает на землю. [ep: sc=Mild]

ВАСЯ
Бежим!

Варя и Вася срываются и бегут прочь по полю.

[Labels: v=None, sc=Mild, s=None, p=None, a=None]

1-26. ИНТ. ДО",0,0,0,0,1,None,None,None,None,Mild,0.0,0.0,0.0,0.0,0.33
"рип. Вася вздрагивает… Его фонарик барахлит и гаснет. Вася его трясет, фонарик включается и… луч высвечивает стоящую посреди поля Ведьму! [ep: sc=Mild]

Дети кричат от ужаса! Фонарик падает на землю. [ep: sc=Mild]

ВАСЯ
Бежим!

Варя и Вася срываются и бегут прочь по полю.

[Labels: v=None, sc=Mild, s=None, p=None, a=None]

1-26. ИНТ. ДОМ ВАРВАРЫ. ПЕРВЫЙ ЭТАЖ - НОЧЬ
ВАРВАРА

Варвара как можно тише",0,0,0,0,1,None,None,None,None,Mild,0.0,0.0,0.0,0.0,0.33
"4-3.ИНТ. — КЛУБ «КАБАН». ДЕНЬ.
ВАСИЛИСА, ПОЛИНА, РОМАН, КАБАНОВ

Все сидят за богато накрытым столом с настойками и закусками в ВИП-зале. Кабанов включил караоке, встал на небольшую сцену и поёт. [ep: a=Mild]

КАБАНОВ
(Поёт)
Залиться пивом никогда не рано, 
Уже мне кружку сунули под кран. 
Для мусоров я гражданин Кабанов,
А для своих так попросту Кабан! [ep: a=Mild, p=Mild]

Сёстры вежливо кач",0,0,0,1,0,None,None,None,Mild,None,0.0,0.0,0.0,0.33,0.0
"раоке, встал на небольшую сцену и поёт. [ep: a=Mild]

КАБАНОВ
(Поёт)
Залиться пивом никогда не рано, 
Уже мне кружку сунули под кран. 
Для мусоров я гражданин Кабанов,
А для своих так попросту Кабан! [ep: a=Mild, p=Mild]

Сёстры вежливо качают головами, но они напряжены и сосредоточены. Рома сидит с наушниками в ушах и кивает. Мы слышим, что Рома слушает что-то современное. Закуски и напитки на ст",0,0,1,1,0,None,None,Mild,Mild,None,0.0,0.0,0.33,0.33,0.0
"НОВ

Кабанов подходит сзади с шампанским и видит, что Василиса, Полина и Роман смотрят новогодний ролик с его участием. Ему неловко. Роман обращается к Кабанову, показывая на вставший на паузу ролик. [ep: a=Mild]

РОМАН
Так вы у них типа тамада?

Кабанов чуть не плачет.

КАБАНОВ
Да какой тамада? Шут гороховый! 

ВАСИЛИСА
А по виду не скажешь. 

Деталь: дорогие часы Кабанова, туфли из крокодиловой",0,0,0,1,0,None,None,None,Mild,None,0.0,0.0,0.0,0.33,0.0
"лось?

Кабанов кивает.

КАБАНОВ
Много. 10 миллионов. То крыша течёт, то пожар, то звёзды эти на халяву бухают. Приезжает Киркоров, что ты с него будешь деньги брать? Он же с тобой сфотографировался!  [ep: a=Mild, p=Mild]

Василиса, Полина и Рома переглядываются, Кабанов ловит этот взгляд. 

ВАСИЛИСА
Мы за себя заплатим! 

Василиса достаёт из бумажника две пятитысячные. Кабанов их берёт как бы межд",0,0,1,1,0,None,None,Mild,Mild,None,0.0,0.0,0.33,0.33,0.0
"вздыхает и снова гаснет.

КАБАНОВ
Что, никак, да? Понятно.

ПОЛИНА
(Со стуком поставив на стол пустой бокал шампанского)
Короче! Давайте встретимся с этими «Жижами», и всё про «Васильков» расскажем! [ep: a=Mild]

КАБАНОВ
(С опаской	)
Вы что, стрелку им забить хотите? 

Полина смотрит на скептически настроенную Василису.
Василиса вынуждена согласиться.

ВАСИЛИСА
Не стрелку, а деловую встречу!

КАБ",0,0,0,1,0,None,None,None,Mild,None,0.0,0.0,0.0,0.33,0.0
"строенную Василису.
Василиса вынуждена согласиться.

ВАСИЛИСА
Не стрелку, а деловую встречу!

КАБАНОВ
(Подытоживая)
Деловую стрелку! 
(Оценивая банную обстановку и шампанское на столе)
Ирония судьбы. [ep: a=Mild]
[Labels: v=None, sc=None, p=Mild, s=None, a=Mild]

4-8. ИНТ. - РЕПТОЧКА КАВЕР-ГРУППЫ. - ДЕНЬ.
ВАСИЛЬКОВ, ПАВЕЛ

Павел и Васильков в Москве на репточке у кавер-группы, где играет Павел. Ва",0,0,0,1,0,None,None,None,Mild,None,0.0,0.0,0.0,0.33,0.0
"ываясь по сторонам, чтобы его никто не видел, идёт по улице и заходит за угол, где его встречает Лена. Они целуются как пара и садятся в ту самую «Волгу» из 1-й серии. В машине сидит ВОДИТЕЛЬ ВОЛГИ.  [ep: s=Mild]

лена
Дядя Витя, это Юра Васильков, музыкант, мой хороший друг! 

ВАСИЛЬКОВ
Добрый вечер! 

ВОДИТЕЛЬ ВОЛГИ
Здравствуйте!

ВАСИЛЬКОВ
(Приглядываясь к водителю)
У вас лицо какое-то знакомое",0,1,0,0,0,None,Mild,None,None,None,0.0,0.33,0.0,0.0,0.0
".

ЛЕНА
А когда мы им про нас скажем? 

Вместо ответа Васильков улыбается и целует Лену. Лена смущённо и довольно улыбается, её устраивает такой ответ - она влюблена. Васильков ловит взгляд водителя. [ep: s=Mild]

ВАСИЛЬКОВ
А дядя Витя твоим родителям ничего не расскажет?

ЛЕНА
(Беспечно)
Да нет! Он мне обещал! 
[Labels: v=None, sc=None, p=None, s=Mild, a=None]

4-10.70-е нат. парк. - ночь.
кузнец",0,1,0,0,0,None,Mild,None,None,None,0.0,0.33,0.0,0.0,0.0
"ел к ним сбоку, ему налили бокал вина, но не более. Сегодня Бестужев «гуляет» даму, а не Кабанова.
В этой сцене Кабанов - третий лишний, Бестужев рисуется перед дамой и старается спровадить Кабанова. [ep: a=Mild] 

КАБАНОВ
Валентин, ты извини, что я так… 
(На подругу) 
Извините! Просто дело срочное! Нам концерт предложили в ту же дату, что твой День автомобилиста. 

БЕСТУЖЕВ
(Недоумённо)
Какой кон",0,0,0,1,0,None,None,None,Mild,None,0.0,0.0,0.0,0.33,0.0
"поговорить. А то у них между собой… очень не очень.

БЕСТУЖЕВ
(Понимающе-иронично кивая)
А, шерше ля фам! Лена. 

Кабанов кивает, и чтобы сгладить неловкую паузу берёт бокал, в котором немного вина. [ep: a=Mild]

КАБАНОВ
Ну что… 
(На даму) 
Тогда давайте за знакомство? 

БЕСТУЖЕВ
(Улыбаясь)
И сразу на посошок! [ep: a=Moderate]

КАБАНОВ
Понял. 

ПОДРУГА БЕСТУЖЕВА
(Улыбаясь)
Валик, ты такой умный и",0,0,0,1,0,None,None,None,Mild,None,0.0,0.0,0.0,0.33,0.0
"Кабанов кивает, и чтобы сгладить неловкую паузу берёт бокал, в котором немного вина. [ep: a=Mild]

КАБАНОВ
Ну что… 
(На даму) 
Тогда давайте за знакомство? 

БЕСТУЖЕВ
(Улыбаясь)
И сразу на посошок! [ep: a=Moderate]

КАБАНОВ
Понял. 

ПОДРУГА БЕСТУЖЕВА
(Улыбаясь)
Валик, ты такой умный и такой смешной! 
[Labels: v=None, sc=None, p=None, s=None, a=Moderate]

4-13. ИНТ. - бильярдная комната КЛУБА «КА",0,0,0,1,0,None,None,None,Moderate,None,0.0,0.0,0.0,0.66,0.0
"ос и Жижа задумчиво слушают, переглядываются. Возникает иллюзия того, что они согласятся. 

ЖИЖА
Не ожидал от Кабана. Берёт за душу. 

ФЕДОС
Но всё равно, короче, этот ваш прогон за музыку - голимый. [ep: p=Mild]

ВАСИЛИСА
(Разочарованно)
Почему?  

ЖИЖА
Потому что наш старший - Сёма Счастливый - в Кабане души не чает. Мы ему и Киркорова привозили, и «Арию», и даже «Руки вверх». Любые артисты раз-",0,0,1,0,0,None,None,Mild,None,None,0.0,0.0,0.33,0.0,0.0
"ртия! 

Жижа с досадой снимает с руки дорогие часы и бросает их Федосу. Жижа волком смотрит на Василису, Полину и Рому - мешали играть!   

ЖИЖА
В общем, нам этот московский блудняк вообще без масти. [ep: p=Mild]

ФЕДОС
Иди, Москва, пасись. Кабан наш. 

Реакция Василисы, Полины и Ромы - тупик, миссия уговорить бандитов с ходу провалена.
[Labels: v=None, sc=None, p=Mild, s=None, a=None]

4-15.70-е",0,0,1,0,0,None,None,Mild,None,None,0.0,0.0,0.33,0.0,0.0
"начинает пьяненько-развязно говорить, подражая бандитской фене.

ПОЛИНА
Короче, братва, по-людски разойтись не вариант.  Ромик, ищи компромат на этих фраеров! Набирай - Жижа, Федос… Ща всё порешаем! [ep: p=Mild]

Василиса забирает у Полины бокал. Роман пытается найти в сети компромат на бандитов. Полина начинает заигрываться, она на кураже.

ВАСИЛИСА
Что ты «порешаешь»? Ты эти рожи видела?  [ep:",0,0,1,0,0,None,None,Mild,None,None,0.0,0.0,0.33,0.0,0.0
"аем! [ep: p=Mild]

Василиса забирает у Полины бокал. Роман пытается найти в сети компромат на бандитов. Полина начинает заигрываться, она на кураже.

ВАСИЛИСА
Что ты «порешаешь»? Ты эти рожи видела?  [ep: p=Mild]

РОМАН
Тут на фотках куда ни нажми, везде очень важные люди.

Полина берёт второй бокал взамен отобранного Василисой. [ep: a=Moderate]

ПОЛИНА
Давай, Ромик, копай дальше! 

Василиса отбир",0,0,1,0,0,None,None,Mild,None,None,0.0,0.0,0.33,0.0,0.0
"я, она на кураже.

ВАСИЛИСА
Что ты «порешаешь»? Ты эти рожи видела?  [ep: p=Mild]

РОМАН
Тут на фотках куда ни нажми, везде очень важные люди.

Полина берёт второй бокал взамен отобранного Василисой. [ep: a=Moderate]

ПОЛИНА
Давай, Ромик, копай дальше! 

Василиса отбирает у Полины второй бокал.

кабанов
Да ничего не получится! Не могу я отсюда уехать… по своей воле. 

Василиса и Полина смотрят на",0,0,0,1,0,None,None,None,Moderate,None,0.0,0.0,0.0,0.66,0.0
"в багажник стандартного автомобиля. У Кабанова связаны руки за спиной, во рту - кляп. Крышка багажника не закрывается - пассажир слишком большой. Василиса случайно ударяет Кабанова крышкой багажника. [ep: v=Mild]

василиса
Ой, извините! 

Кабанов сквозь кляп мычит - «мыфево!»

ПОЛИНА
(Пьяненько)
Вы не волнуйтесь! В аэропорту мы вас развяжем! А после концерта вернём! 

В багажник стандартного автом",1,0,0,0,0,Mild,None,None,None,None,0.33,0.0,0.0,0.0,0.0
"РОМАН, кабанов

Крупный приметный джип с оклейкой гостиницы «КаБан» уезжает по трассе в сторону Новосибирска. За рулём Василиса, в салоне - Роман и спящая Полина. В багажнике лежит связанный Кабанов. [ep: v=Mild]
[Labels: v=Mild, sc=None, p=None, s=None, a=None]

4-21. 70-е инт. - закулисье концерта. - ночь. 
васильков, Бестужев, ВЕДУЩИЙ, ВЕДУЩАЯ, кабанов, дружко, кузнецов, лодкин, музыканты бесту",1,0,0,0,0,Mild,None,None,None,None,0.33,0.0,0.0,0.0,0.0
"ажника автомобиля! Я сейчас в Сибири, и меня везут к какому-то авторитету Сёме Счастливому! Мне страшно! Вот вам правда жизни. Если я пропаду, вы знаете, где меня искать - где-то в Сибири! Всем пока! [ep: v=Mild]  
[Labels: v=Mild, sc=None, p=None, s=None, a=None]

4-25. 70-е инт. - закулисье концерта. - ночь.
васильков, Бестужев, дружко, кузнецов, лодкин, кабанов, музыканты бестужева, ведущий, ве",1,0,0,0,0,Mild,None,None,None,None,0.33,0.0,0.0,0.0,0.0
"е успеете. А МЫ успеем! 

Кабанов, не выдержав несправедливости, закипает и бросается на Бестужева с кулаками. Бестужева заслоняют его музыканты и грубо отталкивают Кабанова, тот продолжает наседать. [ep: v=Mild]

ВАСИЛЬКОВ
«Васильки»! Наших бьют! 

Васильков бросается на музыкантов Бестужева, за ним тут же следует Дружко. Лодкин хочет разнять дерущихся, но тут же получает и от чужих, и от своих,",1,0,0,0,0,Mild,None,None,None,None,0.33,0.0,0.0,0.0,0.0
"ься за своих. Кузнецов по дуге обходит драку чтобы напасть со стороны, Бестужев комично машет ногой, чтобы защититься от Кузнецова. Начинается беспорядочная потасовка. 
Занавес начинает подниматься.  [ep: v=Moderate]  

ВЕДУЩИЙ(ГЗК)
Ну а завершит наш торжественный вечер специально написанная песня в исполнении молодых талантов! 

ВЕДУЩАЯ(ГЗК)
«Песня о советском транспорте»! 
[Labels: v=Moderate, s",1,0,0,0,0,Moderate,None,None,None,None,0.66,0.0,0.0,0.0,0.0
"юди правду жизни?

Полина показывает телефон Василисе и Роману. 

ПОЛИНА
(Дрожащим голосом)
Мне тут все пишут, что от Сёмы надо держаться подальше.

ВАСИЛИСА
Поздно, доктор, Бобик сдох! Мы уже здесь. [ep: p=Mild]

Василисе звонит Павел, у него взволнованный голос. Она отвечает на звонок.

ГОЛОС ПАВЛА
(Волнуясь)
Вась, привет! Как там у вас дела?

ВАСИЛИСА
(Тараторит не давая вставить слово)
Паш, чт",0,0,1,0,0,None,None,Mild,None,None,0.0,0.0,0.33,0.0,0.0
"ит не давая вставить слово)
Паш, что с голосом? Ты что, Полинкин ролик посмотрел? Не волнуйся, у нас тут чисто лёгкий рамс. Мы с братвой всё по понятиям разрулим, и я прилечу. Сиди ровно, не кипишуй! [ep: p=Mild]

Павел в шоке.

ГОЛОС ПАВЛА
Вася, какой ролик? Какая братва? Какой рамс? Ты о чём вообще?  

Василиса осекается, переводит всё в шутку. 

ВАСИЛИСА
Да я пошутила! Переговоры у нас тут! А т",0,0,1,0,0,None,None,Mild,None,None,0.0,0.0,0.33,0.0,0.0
"орит о ней.

РОМАН
А потом померла.
(Полина в шоке, Сёма принимает это за горе). 
Остались мы только с батей. А недавно на него шакалы во дворе напали, голову пробили. В больнице лежит, чудом выжил.  [ep: v=Mild]

СЕМА 
(Качает головой)
Плохо дело. 

РОМАН
Каждый день за него свечки ставим. Одна у бати радость в жизни - «Васильки». А Кабан у него из всей группы любимый. Он же талант, вы же добрый,",1,0,0,0,0,Mild,None,None,None,None,0.33,0.0,0.0,0.0,0.0
"НА, РОМАН, КАБАНОВ

Кабанов закатил отвальную, на которой поёт свои песни в стиле шансон. 

КАБАНОВ
(Поёт)
Ты заходи к нам зимой и летом,
Поговорим, накормим и споём!
Водка-селёдка, салаты-винегреты! [ep: a=Mild]
У Кабана мы весело живём! 

Все аплодируют Кабану. Кабан подходит к Василисе, Полине и Роману. Начинает откровенничать.

КАБАНОВ
В Москву на Новый год на халяву это во! Но, по честноку, р",0,0,0,1,0,None,None,None,Mild,None,0.0,0.0,0.0,0.33,0.0
", я с вами. Но Боря Кузнецов НИКОГДА в это не впишется! Он до сих пор не простил.

ВАСИЛИСА
Почему вы так уверены?

Кабанов с пьяной суетливостью лезет в карман и достаёт помятое письмо от Кузнецова. [ep: a=Moderate]

КАБАНОВ
Вот! Письмо от него было! Полчаса в шкафу искал, думал, выбросил.

Полина берет письмо.

ПОЛИНА
О! Хоть что-то про него узнаем.

ВАСИЛИСА
Там обратный адрес есть?

На конверт",0,0,0,1,0,None,None,None,Moderate,None,0.0,0.0,0.0,0.66,0.0
"в кипятильнике литровая стеклянная банка с пюре и котлетой.

Стол. Книга «Об опыте расследования умышленных убийств и изнасилований», а также дешевый глянец, на развороте - ""как похудеть за 7 дней"". [ep: sc=Mild]

Девичья рука кладет на книгу стеклянную банку с пюре и котлетой. Это рука АНИ (19). Аня неуклюже достает из банки еду: часть пюре падает мимо тарелки. Аня подбирает комки пюре рукой и с",0,0,0,0,1,None,None,None,None,Mild,0.0,0.0,0.0,0.0,0.33
"е возле путей лежит тело бродяги. Рядом с трупом - ЭКСПЕРТ (30), осматривает тело, оперативник МИША (37), и УЧАСТКОВЫЙ (50). К ним, с достаточно крутого склона, последняя, на каблуках спускается Аня. [ep: v=Severe]

АНЯ
Михаил Евгенич! Нужно организовать охрану места происшествия!

Но мужики заняты. Участковый вопросительно смотрит на Мишу.

МИША
А, никто. Следачка дежурная. Третьекурсница.

Мужик",1,0,0,0,0,Severe,None,None,None,None,1.0,0.0,0.0,0.0,0.0
"то. Следачка дежурная. Третьекурсница.

Мужики понимающе переглядываются.

МИША
Ага.

УЧАСТКОВЫЙ
Вот, полюбуйтесь. Нашел, где концы отдать, скотина. Я его два раза уже по домам тут гонял, а он вон чё.[ep: p=Mild]
Эксперт подходит ближе к трупу, морщится от запаха. [ep: v=Severe]

МИША
(на выдохе)
Блять, ну только этого не хватало. Чего там? [ep: p=Severe]

Эксперт исследует голову трупа, прижав од",0,0,1,0,0,None,None,Mild,None,None,0.0,0.0,0.33,0.0,0.0
"ываются.

МИША
Ага.

УЧАСТКОВЫЙ
Вот, полюбуйтесь. Нашел, где концы отдать, скотина. Я его два раза уже по домам тут гонял, а он вон чё.[ep: p=Mild]
Эксперт подходит ближе к трупу, морщится от запаха. [ep: v=Severe]

МИША
(на выдохе)
Блять, ну только этого не хватало. Чего там? [ep: p=Severe]

Эксперт исследует голову трупа, прижав одну из рук к носу. [ep: v=Severe]


ЭКСПЕРТ
Тут сложно сказать так",1,0,0,0,0,Severe,None,None,None,None,1.0,0.0,0.0,0.0,0.0
"тина. Я его два раза уже по домам тут гонял, а он вон чё.[ep: p=Mild]
Эксперт подходит ближе к трупу, морщится от запаха. [ep: v=Severe]

МИША
(на выдохе)
Блять, ну только этого не хватало. Чего там? [ep: p=Severe]

Эксперт исследует голову трупа, прижав одну из рук к носу. [ep: v=Severe]


ЭКСПЕРТ
Тут сложно сказать так сразу. Характер травм такой…Может упал, а может убили.

Подходит Аня. Мужики",0,0,1,0,0,None,None,Severe,None,None,0.0,0.0,1.0,0.0,0.0
"рт подходит ближе к трупу, морщится от запаха. [ep: v=Severe]

МИША
(на выдохе)
Блять, ну только этого не хватало. Чего там? [ep: p=Severe]

Эксперт исследует голову трупа, прижав одну из рук к носу. [ep: v=Severe]


ЭКСПЕРТ
Тут сложно сказать так сразу. Характер травм такой…Может упал, а может убили.

Подходит Аня. Мужики заняты.

АНЯ
Кто обнаружил тело? Когда сообщили?

МИША
Да где убили - то? Д",1,0,0,0,0,Severe,None,None,None,None,1.0,0.0,0.0,0.0,0.0
"т, все - не мой участок.
(отходит от трупа на пару метров)
Там вон уже другие люди этим должны заниматься. Ну за что мне такие подарки, а?!

Аня хочет подойти ближе к трупу, но Миша ее останавливает. [ep: v=Severe]


МИША
Погоди, Анечка, тут эксперт работает пока. Ты сходи в машину, принеси фотоаппарат.

Аня послушно кивает и идет к машине, забирает фотик, возвращается, а ...

... Миша уже идет на",1,0,0,0,0,Severe,None,None,None,None,1.0,0.0,0.0,0.0,0.0
"ослушно кивает и идет к машине, забирает фотик, возвращается, а ...

... Миша уже идет навстречу, а за его спиной эксперт и участковый ""чуть-чуть"" тащат тело по щебенке в направлении другого участка. [ep: v=Severe]


АНЯ
Михал Евгенич, а как же тело…

МИША
Ань, ну тут же все ясно. По синьке скатился с горки, неудачно приземлился. Случается. Никто не застрахован. [ep: v=Severe, a=Mild]


АНЯ
Это не",1,0,0,0,0,Severe,None,None,None,None,1.0,0.0,0.0,0.0,0.0
"нке в направлении другого участка. [ep: v=Severe]


АНЯ
Михал Евгенич, а как же тело…

МИША
Ань, ну тут же все ясно. По синьке скатился с горки, неудачно приземлился. Случается. Никто не застрахован. [ep: v=Severe, a=Mild]


АНЯ
Это неправильно …

Миша приобнимает Аню, ведет обратно к машине.

МИША
У нас это восьмой вызов за день.
(показывая на пальцах)
Пьяные драки с поножовщиной - 2 штуки. Прост",1,0,0,1,0,Severe,None,None,Mild,None,1.0,0.0,0.0,0.33,0.0
"ов за день.
(показывая на пальцах)
Пьяные драки с поножовщиной - 2 штуки. Просто драки - 3 штуки. Попытка ограбления - 1 штука. Ложный - 1 штука. Считай, весь бал мы отплясали, ушли только с десерта. [ep: v=Mild]


Миша и Аня подходят к бобику.

АНЯ
Но по правилам нужно…

МИША
Нельзя дырой закрыть дыру. Даже если это в правилах написано. Пусть семеновский райотдел займется.

АНЯ
Но ведь у коллег т",1,0,0,0,0,Mild,None,None,None,None,0.33,0.0,0.0,0.0,0.0
"могут быть…

Миша почти свирепо смотрит на Аню. Тут в бобике раздается голос диспетчера.

ДИСПЕТЧЕР ЗК
Дежурная, в цирке на Батурина ребенок пропал.

Аню раздирает - смотрит то на труп, то на рацию. [ep: v=Severe]

МИША
А я тебе о чем?
[Labels: v=Severe, sc=None, p=Severe, s=None, a=Mild]


3. НАТ.У ЦИРКА. ДЕНЬ

Бобик подъезжает к цирку. К машине бросаются Ломакины.

ОЛЕГ
(Мише)
Ребенок, девочка,",1,0,0,0,0,Severe,None,None,None,None,1.0,0.0,0.0,0.0,0.0
"н)
Граждане, просьба сохранять спокойствие. Пропал ребенок, девочка,3 года. Просьба всем вернуться в здание!

Толпа не слушает. Возвращается Олег, тащит администратора за шкирку, у него разбито лицо. [ep: sc=Mild, v=Severe]


ОЛЕГ
Выходить не хотел, урод. [ep: p=Moderate]


МИША
Где у вас охрана?

АДМИНИСТРАТОР
Так вот.

Рядом с ними старичок- вахтер.

МИША
Блять. [ep: p=Severe]

(толпе)
Заходим о",1,0,0,0,1,Severe,None,None,None,Mild,1.0,0.0,0.0,0.0,0.33
"ок, девочка,3 года. Просьба всем вернуться в здание!

Толпа не слушает. Возвращается Олег, тащит администратора за шкирку, у него разбито лицо. [ep: sc=Mild, v=Severe]


ОЛЕГ
Выходить не хотел, урод. [ep: p=Moderate]


МИША
Где у вас охрана?

АДМИНИСТРАТОР
Так вот.

Рядом с ними старичок- вахтер.

МИША
Блять. [ep: p=Severe]

(толпе)
Заходим обратно!

АНЯ
Надо вызвать подкрепление, быстро проверить",0,0,1,0,0,None,None,Moderate,None,None,0.0,0.0,0.66,0.0,0.0
"за шкирку, у него разбито лицо. [ep: sc=Mild, v=Severe]


ОЛЕГ
Выходить не хотел, урод. [ep: p=Moderate]


МИША
Где у вас охрана?

АДМИНИСТРАТОР
Так вот.

Рядом с ними старичок- вахтер.

МИША
Блять. [ep: p=Severe]

(толпе)
Заходим обратно!

АНЯ
Надо вызвать подкрепление, быстро проверить всех посетителей, составить список, еще раз осмотреть цирк.
(охраннику)
Листочек-тетрадка есть? Писать сможете",0,0,1,0,0,None,None,Severe,None,None,0.0,0.0,1.0,0.0,0.0
"т недовольный Посетитель, разбрасывает скамейки - ограждения, помогает своей женщине и ребенку выйти.

АНЯ
Гражданин, вернитесь!

Посетитель толкает Аню. На него бросается Миша, приковывает к клумбе. [ep: v=Moderate]

ПОСЕТИТЕЛЬ
Ты, падла, охуел?! [ep: p=Severe]


МИША
Ага.

БОБСЛЕЙ

Менты и Ломакины рассредотачиваются перед входом...

Осматривают всех детей...

Выхватывают то одну девочку, то дру",1,0,0,0,0,Moderate,None,None,None,None,0.66,0.0,0.0,0.0,0.0
"- ограждения, помогает своей женщине и ребенку выйти.

АНЯ
Гражданин, вернитесь!

Посетитель толкает Аню. На него бросается Миша, приковывает к клумбе. [ep: v=Moderate]

ПОСЕТИТЕЛЬ
Ты, падла, охуел?! [ep: p=Severe]


МИША
Ага.

БОБСЛЕЙ

Менты и Ломакины рассредотачиваются перед входом...

Осматривают всех детей...

Выхватывают то одну девочку, то другую. Поднимают вверх, показывают Ломакиным. Роди",0,0,1,0,0,None,None,Severe,None,None,0.0,0.0,1.0,0.0,0.0
"всегда дети находятся - отвлеклись на игрушки, родители отошли, дети в толпе затерялись...

CUT

СТАРИК-ОХРАННИК
За 30 лет моих в этом цирке всех находили…Но там родители не как животные себя вели... [ep: a=Mild]

CUT

БУФЕТЧИЦА
Конечно, на женщин нельзя руку поднимать. Но она была в таком состоянии, вы бы видели. Мужа, в общем, понять можно - непотребство такое. [ep: v=Mild]

ПЕРЕХОД на Ольгу. Ее",0,0,0,1,0,None,None,None,Mild,None,0.0,0.0,0.0,0.33,0.0
"тели не как животные себя вели... [ep: a=Mild]

CUT

БУФЕТЧИЦА
Конечно, на женщин нельзя руку поднимать. Но она была в таком состоянии, вы бы видели. Мужа, в общем, понять можно - непотребство такое. [ep: v=Mild]

ПЕРЕХОД на Ольгу. Ее обнимает мать, Татьяна.

АНЯ
Значит, как муж ее бил видели... [ep: a=Mild]

БУФЕТЧИЦА
Слышала.

АНЯ
А куда ребенок делся - нет?

CUT

АДМИНИСТРАТОР
Простите, у нас в",1,0,0,0,0,Mild,None,None,None,None,0.33,0.0,0.0,0.0,0.0
"нимать. Но она была в таком состоянии, вы бы видели. Мужа, в общем, понять можно - непотребство такое. [ep: v=Mild]

ПЕРЕХОД на Ольгу. Ее обнимает мать, Татьяна.

АНЯ
Значит, как муж ее бил видели... [ep: a=Mild]

БУФЕТЧИЦА
Слышала.

АНЯ
А куда ребенок делся - нет?

CUT

АДМИНИСТРАТОР
Простите, у нас вечернее представление через два часа. С вами руководство ваше уже связалось?

ЖЕНА ПОСЕТИТЕЛЯ
И н",0,0,0,1,0,None,None,None,Mild,None,0.0,0.0,0.0,0.33,0.0
"Погуляет, вернется. Если жива.
АНЯ
А в вольерах посмотреть еще? Повнимательнее?

МИША
Слушай, ну следы бы остались - волосы, кровь там, кости. Они бы не успели так быстро все замыть. Мы бы заметили. [ep: v=Mild]

К ним подходит Олег, в руках у него пачка листовок с фото Арины.

ОЛЕГ
Вот, я отксерил. Что делать дальше?

МИША
Оригинал фото ребенка мы заберем. И копий, штук 20 дайте. А это расклейте",1,0,0,0,0,Mild,None,None,None,None,0.33,0.0,0.0,0.0,0.0
"арищи родители, мы провели все возможные на данный момент розыскные мероприятия. Будем заводить дело...

ОЛЕГ
Блять, да какие розыскные мероприятия? Мне что делать? Как без дочери домой возвращаться? [ep: p=Severe]

Ольга кидается на Аню. [ep: v=Moderate]

ОЛЬГА
Не пущу, вызывайте военных, еще милицию, будем искать дальше!

МИША
Гражданка, да вы пьяны до сих пор. И дочь поэтому проглядели. [ep: a=",0,0,1,0,0,None,None,Severe,None,None,0.0,0.0,1.0,0.0,0.0
"е на данный момент розыскные мероприятия. Будем заводить дело...

ОЛЕГ
Блять, да какие розыскные мероприятия? Мне что делать? Как без дочери домой возвращаться? [ep: p=Severe]

Ольга кидается на Аню. [ep: v=Moderate]

ОЛЬГА
Не пущу, вызывайте военных, еще милицию, будем искать дальше!

МИША
Гражданка, да вы пьяны до сих пор. И дочь поэтому проглядели. [ep: a=Mild]

АНЯ
Миша, хватит.

Оля цепляется",1,0,0,0,0,Moderate,None,None,None,None,0.66,0.0,0.0,0.0,0.0
"аться? [ep: p=Severe]

Ольга кидается на Аню. [ep: v=Moderate]

ОЛЬГА
Не пущу, вызывайте военных, еще милицию, будем искать дальше!

МИША
Гражданка, да вы пьяны до сих пор. И дочь поэтому проглядели. [ep: a=Mild]

АНЯ
Миша, хватит.

Оля цепляется к Мише, не дает ему сесть.

МИША
(Олегу)
Я тебя по - хорошему прошу, не доводи до греха, угомони бабу свою, наконец.

Олег забирает Ольгу, ее ноги не дер",0,0,0,1,0,None,None,None,Mild,None,0.0,0.0,0.0,0.33,0.0
"а, обегает машину и ложится перед ней.

ОЛЬГА
Нет! Нет! Не уезжайте! Прошу вас!
[Labels: v=Moderate, sc=None, p=Severe, s=None, a=Mild]


8. ИНТ. В БОБИКЕ. НОЧЬ

МИША
(в бобике, Ане)
Ебанутые, блять. [ep: p=Severe]

АНЯ
Зачем ты так? Женщина переживает.

Миша сдает назад, быстро разворачивается, уезжает.
[Labels: v=None, sc=None, p=Severe, s=None, a=None]


9. НАТ. У ЦИРКА. НОЧЬ

За Ломакиными наб",0,0,1,0,0,None,None,Severe,None,None,0.0,0.0,1.0,0.0,0.0
".

Олег отворачивается.

Подъезжает машина, оттуда выскакивает девушка с микрофоном, и оператор. С ходу начинают снимать, светят в лицо Ломакиным.

ЖУРНАЛИСТКА
Добрый вечер, это у вас ребенок пропал? [ep: v=Mild]
[Labels: v=Mild, sc=None, p=None, s=None, a=None]


10. ИНТ.СЪЕМНАЯ КВАРТИРА ГЕРМАНА. КОМНАТА ГЕРМАНА/ КУХНЯ. ДЕНЬ

НОВЫЙ ДЕНЬ



Герман прячется от Ариши в своей комнате, где курит и лис",1,0,0,0,0,Mild,None,None,None,None,0.33,0.0,0.0,0.0,0.0
"А. КОМНАТА ГЕРМАНА/ КУХНЯ. ДЕНЬ

НОВЫЙ ДЕНЬ



Герман прячется от Ариши в своей комнате, где курит и листает каналы на телевизоре, жадно поглощая все возможные сюжеты о Ломакиных, щелкает туда, сюда. [ep: a=Moderate]

В дверь стучится Ариша, Герман не открывает.

АРИША
А-ой! А-ой!

Тогда Ариша уходит на кухню.
[Labels: v=None, sc=None, p=None, s=None, a=Moderate]


11. ИНТ. СЪЕМНАЯ КВАРТИРА ГЕРМАН",0,0,0,1,0,None,None,None,Moderate,None,0.0,0.0,0.0,0.66,0.0
"лега. Вдруг раздается плач Ариши.
[Labels: v=None, sc=None, p=None, s=None, a=None]


13. ИНТ. СЪЕМНАЯ КВАРТИРА ГЕРМАНА. КУХНЯ

Герман выходит - Арина плачет, показывает пальчик и на дверку шкафчика. [ep: v=Moderate]

ГЕРМАН
Прищемила? Сейчас!

Герман бросается с кухни, возвращается и...

...сначала надевает на нее шапочку и делает снимки плачущего ребенка на полароид, только потом сует ее руку по",1,0,0,0,0,Moderate,None,None,None,None,0.66,0.0,0.0,0.0,0.0
"а? Сейчас!

Герман бросается с кухни, возвращается и...

...сначала надевает на нее шапочку и делает снимки плачущего ребенка на полароид, только потом сует ее руку под кран. Ариша продолжает реветь. [ep: v=Moderate]

ГЕРМАН
Все, хватит. У кошки боли, у собаки боли, у Ариши не боли.

Ариша все равно хнычет. Герман достает из шкафа чупа - чупс.

АРИША
Упс! Упс! Ай!

Герман дает еще один, ребенок сч",1,0,0,0,0,Moderate,None,None,None,None,0.66,0.0,0.0,0.0,0.0
"так ничего делать не будут, если у них над душой не стоять. Надо поехать, потребовать, чтобы приняли, к начальству пойти, чтобы решали вопрос! Что значит - мы вас вызовем?


ОЛЕГ
Я тупой по - вашему? [ep: p=Mild]

ТАТЬЯНА
А тогда почему ты не там? А я тебе скажу: ты не там, потому что боишься, что менты твоими делами интересоваться будут. [ep: p=Mild]

ОЛЕГ
Бляаааааа. [ep: p=Severe]

Олег захлопыв",0,0,1,0,0,None,None,Mild,None,None,0.0,0.0,0.33,0.0,0.0
"! Что значит - мы вас вызовем?


ОЛЕГ
Я тупой по - вашему? [ep: p=Mild]

ТАТЬЯНА
А тогда почему ты не там? А я тебе скажу: ты не там, потому что боишься, что менты твоими делами интересоваться будут. [ep: p=Mild]

ОЛЕГ
Бляаааааа. [ep: p=Severe]

Олег захлопывает дверь.

ОЛЕГ (ЗК)
Алло? Милиция? Ломакин моя фамилия. Да, снова!

Татьяна смотрит на Германа.

ТАТЬЯНА
Ты видишь? Как с врагиней главной.",0,0,1,0,0,None,None,Mild,None,None,0.0,0.0,0.33,0.0,0.0
"ОЛЕГ
Я тупой по - вашему? [ep: p=Mild]

ТАТЬЯНА
А тогда почему ты не там? А я тебе скажу: ты не там, потому что боишься, что менты твоими делами интересоваться будут. [ep: p=Mild]

ОЛЕГ
Бляаааааа. [ep: p=Severe]

Олег захлопывает дверь.

ОЛЕГ (ЗК)
Алло? Милиция? Ломакин моя фамилия. Да, снова!

Татьяна смотрит на Германа.

ТАТЬЯНА
Ты видишь? Как с врагиней главной.

ГЕРМАН
Ну он на нервах весь.",0,0,1,0,0,None,None,Severe,None,None,0.0,0.0,1.0,0.0,0.0
"Алло? Милиция? Ломакин моя фамилия. Да, снова!

Татьяна смотрит на Германа.

ТАТЬЯНА
Ты видишь? Как с врагиней главной.

ГЕРМАН
Ну он на нервах весь.

ОЛЕГ(ЗК)
Да вы охуели там! Как отказано, блять? [ep: p=Severe]

На его крик приходит Ольга, открывает к нему дверь, Олег ходит туда- сюда.

ОЛЕГ
Кто отказал? Вы вообще, что ли, моего ребенка не ищете?

ОЛЬГА
Олег, что там? Что случилось?

ОЛЕГ
Алло",0,0,1,0,0,None,None,Severe,None,None,0.0,0.0,1.0,0.0,0.0
"к приходит Ольга, открывает к нему дверь, Олег ходит туда- сюда.

ОЛЕГ
Кто отказал? Вы вообще, что ли, моего ребенка не ищете?

ОЛЬГА
Олег, что там? Что случилось?

ОЛЕГ
Алло? Алло? Отвечайте! БЛЯТЬ! [ep: p=Severe]

Олег понимает, что его собеседник повесил трубку.

ОЛЬГА
Олег!

ОЛЕГ
Ну, суки, ну я вам устрою. [ep: p=Severe]

Олег собирается. Ольга за ним.

ГЕРМАН
Олег, я на машине, я подвезу.
[La",0,0,1,0,0,None,None,Severe,None,None,0.0,0.0,1.0,0.0,0.0
"енка не ищете?

ОЛЬГА
Олег, что там? Что случилось?

ОЛЕГ
Алло? Алло? Отвечайте! БЛЯТЬ! [ep: p=Severe]

Олег понимает, что его собеседник повесил трубку.

ОЛЬГА
Олег!

ОЛЕГ
Ну, суки, ну я вам устрою. [ep: p=Severe]

Олег собирается. Ольга за ним.

ГЕРМАН
Олег, я на машине, я подвезу.
[Labels: v=None, sc=None, p=Severe, s=None, a=None]




16. ИНТ. КАБИНЕТ МИШИ. ДЕНЬ

Миша на взводе. Курит в форточ",0,0,1,0,0,None,None,Severe,None,None,0.0,0.0,1.0,0.0,0.0
"уждение написал? Почему? Это же ребенок, Миша!

МИША
А что мне делать? Признаков убийства нет, признаков похищения нет! Кто ее похитил? Вышел с ними кто-то на связь? Мне начальству это как объяснять? [ep: v=Mild]

АНЯ
Это не ты мне говорил, что дырой дыру не закрыть? Даже если в правилах написано? Что, теперь вообще ничего не делать? Или может опять на соседний участок скинуть попытаешься?

Миша з",1,0,0,0,0,Mild,None,None,None,None,0.33,0.0,0.0,0.0,0.0
"ия ты хотя бы открывала? Или неинтересно? Мать бухая была. Отец мать в туалете женском пиздил. Ребенка вспомнить никто не может. Ни в платье в горошек, ни без. Основания придумаешь, если такая умная? [ep: v=Moderate, p=Severe, a=Mild]

АНЯ
И что? Не искать теперь?

Миша окончательно закипает.

МИША
Выйди на хер! [ep: p=Severe]

Аня прожигает Мишу взглядом. Но выходит из кабинета.
[Labels: v=Modera",1,0,1,1,0,Moderate,None,Severe,Mild,None,0.66,0.0,1.0,0.33,0.0
"икто не может. Ни в платье в горошек, ни без. Основания придумаешь, если такая умная? [ep: v=Moderate, p=Severe, a=Mild]

АНЯ
И что? Не искать теперь?

Миша окончательно закипает.

МИША
Выйди на хер! [ep: p=Severe]

Аня прожигает Мишу взглядом. Но выходит из кабинета.
[Labels: v=Moderate, sc=None, p=Severe, s=None, a=Mild]


17. ИНТ. МИЛИЦИЯ. У ПРОХОДНОЙ. ДЕНЬ

Перед Олегом, Ольгой и Германом стои",0,0,1,0,0,None,None,Severe,None,None,0.0,0.0,1.0,0.0,0.0
"ла в стержне. Собирается писать дальше, как вдруг с задней парты второгодник Ракитин (10) поднимает Герману пиджак с рубашкой, а другой второгодник, хулиган Горбунов (10) бьет его самодельным шокером [ep: v=Moderate]

(https://www.youtube.com/watch?v=pnV5R3Dqa04)

Герман вскрикивает, пачкая всю тетрадку чернилами.

ГОРБУНОВ
(шепчет)
Фриц поганый, будешь знать! [ep: p=Moderate]

ЕЛЕНА АЛЕКСАНДРОВНА",1,0,0,0,0,Moderate,None,None,None,None,0.66,0.0,0.0,0.0,0.0
"ов (10) бьет его самодельным шокером [ep: v=Moderate]

(https://www.youtube.com/watch?v=pnV5R3Dqa04)

Герман вскрикивает, пачкая всю тетрадку чернилами.

ГОРБУНОВ
(шепчет)
Фриц поганый, будешь знать! [ep: p=Moderate]

ЕЛЕНА АЛЕКСАНДРОВНА
Герман, что с тобой?

Елена Александровна видит, как сзади заливаются Ракитин и Горбунов. Горбунов быстро пытается спрятать свое «изобретение», Елена Александровн",0,0,1,0,0,None,None,Moderate,None,None,0.0,0.0,0.66,0.0,0.0
"другой попробуй,
(показывает на хромую ногу)
Так на здоровой и я могу. ЕАшка сказала, что ты у нас особенный.

ГЕРМАН
(указывает на здоровую)
Я на этой лучше.

Ракитин дает Герману болезненный тычок. [ep: v=Moderate]

РАКИТИН
Прыгай!

Герман начинает прыгать вместе с ведром на хромой ноге. Герману больно, он сдерживает слезы. Вода выплескивается из ведра. Почти добравшись до конца пролета, Герман",1,0,0,0,0,Moderate,None,None,None,None,0.66,0.0,0.0,0.0,0.0
"ает прыгать вместе с ведром на хромой ноге. Герману больно, он сдерживает слезы. Вода выплескивается из ведра. Почти добравшись до конца пролета, Герман падает, расплескивая воду, но удерживая ведро. [ep: v=Severe]

ГОРБУНОВ
Ооооойййй, как у тебя неловко получилось. И что же в тебе особенного? Вот это?

Ракитин пинает ведро - оно проливается. [ep: v=Moderate]

РАКИТИН
Эгей, что ж ты так неловко. Н",1,0,0,0,0,Severe,None,None,None,None,1.0,0.0,0.0,0.0,0.0
"Герман падает, расплескивая воду, но удерживая ведро. [ep: v=Severe]

ГОРБУНОВ
Ооооойййй, как у тебя неловко получилось. И что же в тебе особенного? Вот это?

Ракитин пинает ведро - оно проливается. [ep: v=Moderate]

РАКИТИН
Эгей, что ж ты так неловко. Ну, теперь иди за водой.



Герман встает, нагибается за ведром, в этот момент Ракитин дает ему болезненный поджопник. Герман падает. Ракитин и Го",1,0,0,0,0,Moderate,None,None,None,None,0.66,0.0,0.0,0.0,0.0
"одой.



Герман встает, нагибается за ведром, в этот момент Ракитин дает ему болезненный поджопник. Герман падает. Ракитин и Горбунов начинают бить Германа ногами, пока тот не начинает громко реветь. [ep: v=Moderate]

ГЕРМАН
Больно! Больно! Перестаньте!

Горбунов и Ракитин перестают бить Германа. Горбунов наклоняется над ревущим Германом.

ГОРБУНОВ
Прекрати орать. Чтоб все тут убрал. А если пожалу",1,0,0,0,0,Moderate,None,None,None,None,0.66,0.0,0.0,0.0,0.0
"аньте!

Горбунов и Ракитин перестают бить Германа. Горбунов наклоняется над ревущим Германом.

ГОРБУНОВ
Прекрати орать. Чтоб все тут убрал. А если пожалуешься - света белого не увидишь, фриц поганый. [ep: p=Moderate]

Горбунов и Ракитин уходят.

Герман лежит на полу, скулит от бессилия и боли.

Тут к нему спускается Ира. В нарядном бальном платье, с диадемой из серебряного дождика.

ИРА
Ты чего ту",0,0,1,0,0,None,None,Moderate,None,None,0.0,0.0,0.66,0.0,0.0
".КВАРТИРА БАБУШКИ ГЕРМАНА.ДЕНЬ

Герман лежит на кровати, хромая нога на подушках, распухла. В комнату заходит Анна Николаевна, она недовольна, на ходу заворачивает мороженую тушку курицы в полотенце. [ep: v=Moderate]

БАБУШКА
Герман. И что за имя такое идиотское?
(садится на край кровати)
Мать твоя, кукушка, ничего лучше не смогла придумать. На, держи[ep: p=Severe]

(ДАЛЬШЕ)
БАБУШКА (ПРОД.)
(сует",1,0,0,0,0,Moderate,None,None,None,None,0.66,0.0,0.0,0.0,0.0
"ворачивает мороженую тушку курицы в полотенце. [ep: v=Moderate]

БАБУШКА
Герман. И что за имя такое идиотское?
(садится на край кровати)
Мать твоя, кукушка, ничего лучше не смогла придумать. На, держи[ep: p=Severe]

(ДАЛЬШЕ)
БАБУШКА (ПРОД.)
(сует Герману курицу)
Приложи, где болит.

Собирается вставать, Герман хватает ее за подол халата.

БАБУШКА
Ну, чего еще тебе?

ГЕРМАН
Я на танцы хочу ходить.",0,0,1,0,0,None,None,Severe,None,None,0.0,0.0,1.0,0.0,0.0
"Герман хватает ее за подол халата.

БАБУШКА
Ну, чего еще тебе?

ГЕРМАН
Я на танцы хочу ходить. Запишите меня. В кружок.

БАБУШКА
(смеется)
Какие танцы? Как танцевать собрался, дуралей? Ой, насмешил. [ep: p=Moderate]

ГЕРМАН
А я хочу!

БАБУШКА
А тогда надо лечиться! В Курган поехать, к Елизарову. Терпеть надо много. А ты как думал?

Бабушка выходит из комнаты, оставляя Германа одного.

КОНЕЦ ФЛЕШБ",0,0,1,0,0,None,None,Moderate,None,None,0.0,0.0,0.66,0.0,0.0
"ne]


22. ИНТ.СЪЕМНАЯ КВАРТИРА ГЕРМАНА. НОЧЬ

Герман у телевизора, ждет ""Дежурную часть"", а ее все нет. Ариша ползает рядом.

Вдруг звонок в дверь. Герман вскакивает с дивана, прячет Аришу в комнате. [ep: sc=Mild]

ГЕРМАН
(шепотом)
Сиди тихо! Спрячься!

АРИША
(радуясь)
Ачься! Ачься!

Ариша быстро запрыгивает на диван и накрывается простыней. Герман на носочках идет в коридор, проверяет глазок. На",0,0,0,0,1,None,None,None,None,Mild,0.0,0.0,0.0,0.0,0.33
"ка.

Подъезжает машина. Из нее выходят Кинолог с собакой, Эксперт и ... Миша. Аня удивлена.

МИША
Только не важничай. Я сам попросился.

АНЯ
Почему?

МИША
Потому что ты идейная, конечно, но пиздючка. [ep: p=Severe]

АНЯ
Вот как.



МИША
Если вместо девочки труп ее найдем - сможешь с этим смириться? [ep: v=Mild]

Аня не может ответить

МИША
А я смогу. И тебя научу. Пошли.
[Labels: v=Mild, sc=None,",0,0,1,0,0,None,None,Severe,None,None,0.0,0.0,1.0,0.0,0.0
"лько не важничай. Я сам попросился.

АНЯ
Почему?

МИША
Потому что ты идейная, конечно, но пиздючка. [ep: p=Severe]

АНЯ
Вот как.



МИША
Если вместо девочки труп ее найдем - сможешь с этим смириться? [ep: v=Mild]

Аня не может ответить

МИША
А я смогу. И тебя научу. Пошли.
[Labels: v=Mild, sc=None, p=Severe, s=None, a=None]


24. ИНТ. В ЦИРКЕ. ДЕНЬ

Администратор Ане и Мише совсем не рад.

АДМИНИС",1,0,0,0,0,Mild,None,None,None,None,0.33,0.0,0.0,0.0,0.0
"его.
CUT

В оркестровую яму даже забралась - цирк как на ладони.

CUT

Аня упорна - добралась до вольеров. Они уже пусты.

Вдруг Аню пугает обезьянка. Аня подпрыгивает. Собака лает. Цирковые смеются. [ep: sc=Moderate]

МИША
(особо веселому)
Хватит ржать. На 15 суток захотел? [ep: p=Mild]
[Labels: v=None, sc=Moderate, p=Mild, s=None, a=None]


26. ИНТ. ЦИРК. ЗАКУЛИСЬЕ

Аня с кинологом в клетке. Все",0,0,0,0,1,None,None,None,None,Moderate,0.0,0.0,0.0,0.0,0.66
"порна - добралась до вольеров. Они уже пусты.

Вдруг Аню пугает обезьянка. Аня подпрыгивает. Собака лает. Цирковые смеются. [ep: sc=Moderate]

МИША
(особо веселому)
Хватит ржать. На 15 суток захотел? [ep: p=Mild]
[Labels: v=None, sc=Moderate, p=Mild, s=None, a=None]


26. ИНТ. ЦИРК. ЗАКУЛИСЬЕ

Аня с кинологом в клетке. Все осматривает очень внимательно. Кинолог уговаривает собаку искать, та отказы",0,0,1,0,0,None,None,Mild,None,None,0.0,0.0,0.33,0.0,0.0
"льная. Просто молодая. А тут ребенок пропал. Ань, ну чего?

АНЯ
Ничего...
[Labels: v=None, sc=None, p=None, s=None, a=None]


27. НАТ. У ЦИРКА. НОЧЬ

Миша стоит у цирка, курит, прощается с кинологом. [ep: a=Moderate]

МИША
Давай, Семеныч. Точно до участка не подбросить?

КИНОЛОГ
Я своим ходом, Рекс, пошли.

Кинолог уходит. Выходит Аня, спотыкается на ровном месте.

АНЯ
Дай закурить. [ep: a=Mild]",0,0,0,1,0,None,None,None,Moderate,None,0.0,0.0,0.0,0.66,0.0
"с кинологом. [ep: a=Moderate]

МИША
Давай, Семеныч. Точно до участка не подбросить?

КИНОЛОГ
Я своим ходом, Рекс, пошли.

Кинолог уходит. Выходит Аня, спотыкается на ровном месте.

АНЯ
Дай закурить. [ep: a=Mild]

МИША
Тебе рожать еще. Обойдешься.

Аня подходит к прохожим.

АНЯ
Не будет сигареты у вас? [ep: a=Mild]

Аня зла. Она разочарована результатами поиска. Затягивается. [ep: a=Moderate]

МИШ",0,0,0,1,0,None,None,None,Mild,None,0.0,0.0,0.0,0.33,0.0
"дом, Рекс, пошли.

Кинолог уходит. Выходит Аня, спотыкается на ровном месте.

АНЯ
Дай закурить. [ep: a=Mild]

МИША
Тебе рожать еще. Обойдешься.

Аня подходит к прохожим.

АНЯ
Не будет сигареты у вас? [ep: a=Mild]

Аня зла. Она разочарована результатами поиска. Затягивается. [ep: a=Moderate]

МИША
Зачем ты вообще в милицию пошла, с такой тонкой душевной организацией? Родителям похеру на тебя совсем",0,0,0,1,0,None,None,None,Mild,None,0.0,0.0,0.0,0.33,0.0
".

АНЯ
Дай закурить. [ep: a=Mild]

МИША
Тебе рожать еще. Обойдешься.

Аня подходит к прохожим.

АНЯ
Не будет сигареты у вас? [ep: a=Mild]

Аня зла. Она разочарована результатами поиска. Затягивается. [ep: a=Moderate]

МИША
Зачем ты вообще в милицию пошла, с такой тонкой душевной организацией? Родителям похеру на тебя совсем? [ep: p=Severe]

АНЯ
Да почему похеру. Куда смогла, туда и поступила. А до",0,0,0,1,0,None,None,None,Moderate,None,0.0,0.0,0.0,0.66,0.0
"p: a=Mild]

Аня зла. Она разочарована результатами поиска. Затягивается. [ep: a=Moderate]

МИША
Зачем ты вообще в милицию пошла, с такой тонкой душевной организацией? Родителям похеру на тебя совсем? [ep: p=Severe]

АНЯ
Да почему похеру. Куда смогла, туда и поступила. А дома оставаться - там вообще работы нет. [ep: p=Severe]

МИША
А ты ж сюда на экономические пришла?

АНЯ
Пришла, да. Но не мое это",0,0,1,0,0,None,None,Severe,None,None,0.0,0.0,1.0,0.0,0.0
"в милицию пошла, с такой тонкой душевной организацией? Родителям похеру на тебя совсем? [ep: p=Severe]

АНЯ
Да почему похеру. Куда смогла, туда и поступила. А дома оставаться - там вообще работы нет. [ep: p=Severe]

МИША
А ты ж сюда на экономические пришла?

АНЯ
Пришла, да. Но не мое это. Сюда попала, в уголовку попросилась. Но тут…
(Аня разводит руками)

МИША
А ты думала мы тут только алкашей вор",0,0,1,0,0,None,None,Severe,None,None,0.0,0.0,1.0,0.0,0.0
"Severe]

МИША
А ты ж сюда на экономические пришла?

АНЯ
Пришла, да. Но не мое это. Сюда попала, в уголовку попросилась. Но тут…
(Аня разводит руками)

МИША
А ты думала мы тут только алкашей ворочаем? [ep: a=Severe]

Миша забирает у нее сигарету, выбрасывает. [ep: a=Moderate]

АНЯ
Да не собираюсь я никого рожать!!

Аня поднимает сигарету, затягивается, отворачивается от Миши, плачет. [ep: a=Moderat",0,0,0,1,0,None,None,None,Severe,None,0.0,0.0,0.0,1.0,0.0
"шла, да. Но не мое это. Сюда попала, в уголовку попросилась. Но тут…
(Аня разводит руками)

МИША
А ты думала мы тут только алкашей ворочаем? [ep: a=Severe]

Миша забирает у нее сигарету, выбрасывает. [ep: a=Moderate]

АНЯ
Да не собираюсь я никого рожать!!

Аня поднимает сигарету, затягивается, отворачивается от Миши, плачет. [ep: a=Moderate]

Миша с сигаретой в зубах приобнимает Аню. [ep: a=Modera",0,0,0,1,0,None,None,None,Moderate,None,0.0,0.0,0.0,0.66,0.0
"шей ворочаем? [ep: a=Severe]

Миша забирает у нее сигарету, выбрасывает. [ep: a=Moderate]

АНЯ
Да не собираюсь я никого рожать!!

Аня поднимает сигарету, затягивается, отворачивается от Миши, плачет. [ep: a=Moderate]

Миша с сигаретой в зубах приобнимает Аню. [ep: a=Moderate]

МИША
Ну-ну. Тише.
(чуть потрясывает Аню)
Ты ж следователь. Ну?
[Labels: v=None, sc=None, p=Severe, s=None, a=Moderate]


2",0,0,0,1,0,None,None,None,Moderate,None,0.0,0.0,0.0,0.66,0.0
"выбрасывает. [ep: a=Moderate]

АНЯ
Да не собираюсь я никого рожать!!

Аня поднимает сигарету, затягивается, отворачивается от Миши, плачет. [ep: a=Moderate]

Миша с сигаретой в зубах приобнимает Аню. [ep: a=Moderate]

МИША
Ну-ну. Тише.
(чуть потрясывает Аню)
Ты ж следователь. Ну?
[Labels: v=None, sc=None, p=Severe, s=None, a=Moderate]


28. ИНТ. СЪЕМНАЯ КВАРТИРА ГЕРМАНА.ДЕНЬ

Ванная. Герман бреет",0,0,0,1,0,None,None,None,Moderate,None,0.0,0.0,0.0,0.66,0.0
"оже считаются? Ну кто мог знать - кто мог знать... Получается, все...

CUT

ОЛЕГ
Это она всем рассказала? Все из-за нее?

АНЯ
Кто из соседей мог желать вам зла? И кто из них способен украсть ребенка? [ep: v=Mild]

CUT

ТАТЬЯНА
Да что вы такое говорите вообще, этого Олега никто не знает - кто он, что и зачем. Кому он нужен вообще? Пусть лучше про дела свои расскажет, почему в Италию вот прям обязат",1,0,0,0,0,Mild,None,None,None,None,0.33,0.0,0.0,0.0,0.0
"доске блок-схему с ромбиками, стрелками и квадратиками. Миша протягивает Ане ватрушку.

МИША
Будешь?

АНЯ
Не хочу. Итак: либо ребенка убили, либо похитили. Если похитили, то либо выкуп, либо рабство. [ep: v=Mild]

МИША
Если убили, то тело рано или поздно найдется, если рабство, то лучше б убили. [ep: v=Mild]

АНЯ
А если выкуп? Кто знал, что Ломакины при деньгах? Кто был в курсе, что они продали ях",1,0,0,0,0,Mild,None,None,None,None,0.33,0.0,0.0,0.0,0.0
"шь?

АНЯ
Не хочу. Итак: либо ребенка убили, либо похитили. Если похитили, то либо выкуп, либо рабство. [ep: v=Mild]

МИША
Если убили, то тело рано или поздно найдется, если рабство, то лучше б убили. [ep: v=Mild]

АНЯ
А если выкуп? Кто знал, что Ломакины при деньгах? Кто был в курсе, что они продали яхт-клуб.

МИША
Да все те же.

Миша сдвигает по очереди в сторону фото Татьяны, Германа, Лиды, Поку",1,0,0,0,0,Mild,None,None,None,None,0.33,0.0,0.0,0.0,0.0
"в сторону фото Татьяны, Германа, Лиды, Покупателя.

АНЯ
(на Покупателя)
Этот теоретически мог. А что? Купил яхту, украл ребенка, выкуп забрал - и деньги, и яхта - все при нем.

МИША
Ну ты извращенка. [ep: p=Mild]

АНЯ
Вычурно. Согласна.
(на Германа)
Этот козлил, но все - таки продал. Деньги у него и так есть. А вот у этой... [ep: v=Mild]
(на Лиду)
... и обида на родителей, и про цирк знала, и безр",0,0,1,0,0,None,None,Mild,None,None,0.0,0.0,0.33,0.0,0.0
", выкуп забрал - и деньги, и яхта - все при нем.

МИША
Ну ты извращенка. [ep: p=Mild]

АНЯ
Вычурно. Согласна.
(на Германа)
Этот козлил, но все - таки продал. Деньги у него и так есть. А вот у этой... [ep: v=Mild]
(на Лиду)
... и обида на родителей, и про цирк знала, и безработная из-за них. А?

Миша заваривает доширак.

МИША
Вот правильно, пусть расскажет, где она была, когда пропала девочка.
[Lab",1,0,0,0,0,Mild,None,None,None,None,0.33,0.0,0.0,0.0,0.0
"Мы все вместе дружили. Дружим. Давно.

АНЯ
Весь день?

ГЕРМАН
И ночь.

АНЯ
Почему задержались?

ГЕРМАН
Вы серьезно?

АНЯ
Какие у вас отношения?

ГЕРМАН
Друзья. Старые друзья.

АНЯ
Друзья с ночевкой? [ep: s=Mild]

ГЕРМАН
Да что случилось - то?

АНЯ
Мы можем проехать к вам, осмотреть квартиру?

ГЕРМАН
А зачем?

АНЯ
Обычная формальность. Так как?

ГЕРМАН
Конечно. Вы на машине?
[Labels: v=None, sc=No",0,1,0,0,0,None,Mild,None,None,None,0.0,0.33,0.0,0.0,0.0
"ивает с дивана, бежит на кухню. На кухне открыт холодильник, но дверца прикрывает содержимое. Рядом с ним лежит Анна. Она без сознания. Миша подбегает к ней. Поднимает. Аня приходит в себя, бормочет. [ep: sc=Mild]

МИША
Ясно, блять. А я ведь говорил, ты не робот, ты не робот.
(Герману)
Сделаете сладкий чай? [ep: p=Severe]

ГЕРМАН
Конечно.

Герман достает из морозилки пачку пельменей.

ГЕРМАН
Вот,",0,0,0,0,1,None,None,None,None,Mild,0.0,0.0,0.0,0.0,0.33
"ит Анна. Она без сознания. Миша подбегает к ней. Поднимает. Аня приходит в себя, бормочет. [ep: sc=Mild]

МИША
Ясно, блять. А я ведь говорил, ты не робот, ты не робот.
(Герману)
Сделаете сладкий чай? [ep: p=Severe]

ГЕРМАН
Конечно.

Герман достает из морозилки пачку пельменей.

ГЕРМАН
Вот, можно приложить.

Герман включает чайник. Миша хлопочет над Аней, прикладывает ей пельмени к затылку.
[Labels",0,0,1,0,0,None,None,Severe,None,None,0.0,0.0,1.0,0.0,0.0
"характерным звуком допивает газировку. Видно, что ей гораздо лучше.

АНЯ
Ты зачем картошку взял, она ведь калорийная…

МИША
Чтоб все съела.

АНЯ
Он очень подозрительный.

МИША
Да ну. Ебнутый просто. [ep: p=Severe]

АНЯ
Ну ты видел его квартиру?

МИША
Интересно, что бы ты про мою сказала. Обычный одинокий мужик. Коллеги говорят, что спец хороший, полный нелюдим. Инвалид. Квартира, как квартира.

А",0,0,1,0,0,None,None,Severe,None,None,0.0,0.0,1.0,0.0,0.0
"Ира стоит у достаточно большого костра.

ГЕРМАН
А откуда тут костер?

Тут Германа под руки подхватывают Горбунов и Ракитин.

ГОРБУНОВ
Эгей, утробный, а ты что тут делаешь? Погреться пришел у костра? [ep: p=Mild]

ГЕРМАН
Ира…

ИРА
Ты - фриц! Фашист!

Ракитин дает Герману болезненный тычок. [ep: v=Mild]
РАКИТИН
Ну пошли, погреемся.

Ракитин и Горбунов тащат Германа к костру. Он упирается, смотрит н",0,0,1,0,0,None,None,Mild,None,None,0.0,0.0,0.33,0.0,0.0
"подхватывают Горбунов и Ракитин.

ГОРБУНОВ
Эгей, утробный, а ты что тут делаешь? Погреться пришел у костра? [ep: p=Mild]

ГЕРМАН
Ира…

ИРА
Ты - фриц! Фашист!

Ракитин дает Герману болезненный тычок. [ep: v=Mild]
РАКИТИН
Ну пошли, погреемся.

Ракитин и Горбунов тащат Германа к костру. Он упирается, смотрит на Иру, а она молчит. [ep: v=Mild]

ГЕРМАН
Отпустите!

ГОРБУНОВ
Снимай штаны, становись к ко",1,0,0,0,0,Mild,None,None,None,None,0.33,0.0,0.0,0.0,0.0
"Ира…

ИРА
Ты - фриц! Фашист!

Ракитин дает Герману болезненный тычок. [ep: v=Mild]
РАКИТИН
Ну пошли, погреемся.

Ракитин и Горбунов тащат Германа к костру. Он упирается, смотрит на Иру, а она молчит. [ep: v=Mild]

ГЕРМАН
Отпустите!

ГОРБУНОВ
Снимай штаны, становись к костру задницей. [ep: s=Mild, p=Mild]

Герман встает, пытается убежать. Ракитин и Горбунов не бегут за ним. Почти подбегая к спуску",1,0,0,0,0,Mild,None,None,None,None,0.33,0.0,0.0,0.0,0.0
"КИТИН
Ну пошли, погреемся.

Ракитин и Горбунов тащат Германа к костру. Он упирается, смотрит на Иру, а она молчит. [ep: v=Mild]

ГЕРМАН
Отпустите!

ГОРБУНОВ
Снимай штаны, становись к костру задницей. [ep: s=Mild, p=Mild]

Герман встает, пытается убежать. Ракитин и Горбунов не бегут за ним. Почти подбегая к спуску с пригорка, Герман падает - Ракитин попал в него шишкой. Рассек скулу. Герман вскрики",0,1,1,0,0,None,Mild,Mild,None,None,0.0,0.33,0.33,0.0,0.0
"=Mild]

Герман встает, пытается убежать. Ракитин и Горбунов не бегут за ним. Почти подбегая к спуску с пригорка, Герман падает - Ракитин попал в него шишкой. Рассек скулу. Герман вскрикивает от боли. [ep: v=Severe]

Ракитин и Горбунов подтаскивают Германа обратно к костру. [ep: v=Mild]

ГОРБУНОВ
Снимай штаны, становись к костру! Иначе хуже будет! [ep: v=Mild]

Герман встает так, как велят. За его",1,0,0,0,0,Severe,None,None,None,None,1.0,0.0,0.0,0.0,0.0
"м. Почти подбегая к спуску с пригорка, Герман падает - Ракитин попал в него шишкой. Рассек скулу. Герман вскрикивает от боли. [ep: v=Severe]

Ракитин и Горбунов подтаскивают Германа обратно к костру. [ep: v=Mild]

ГОРБУНОВ
Снимай штаны, становись к костру! Иначе хуже будет! [ep: v=Mild]

Герман встает так, как велят. За его спиной Ракитин и Горбунов ломают лист шифера. [ep: s=Moderate]

(https://w",1,0,0,0,0,Mild,None,None,None,None,0.33,0.0,0.0,0.0,0.0
"шишкой. Рассек скулу. Герман вскрикивает от боли. [ep: v=Severe]

Ракитин и Горбунов подтаскивают Германа обратно к костру. [ep: v=Mild]

ГОРБУНОВ
Снимай штаны, становись к костру! Иначе хуже будет! [ep: v=Mild]

Герман встает так, как велят. За его спиной Ракитин и Горбунов ломают лист шифера. [ep: s=Moderate]

(https://www.youtube.com/watch?v=DkcWxOb7JkM)

Ира смотрит на это, тихонько уходит.",1,0,0,0,0,Mild,None,None,None,None,0.33,0.0,0.0,0.0,0.0
"т Германа обратно к костру. [ep: v=Mild]

ГОРБУНОВ
Снимай штаны, становись к костру! Иначе хуже будет! [ep: v=Mild]

Герман встает так, как велят. За его спиной Ракитин и Горбунов ломают лист шифера. [ep: s=Moderate]

(https://www.youtube.com/watch?v=DkcWxOb7JkM)

Ира смотрит на это, тихонько уходит.

ГОРБУНОВ
Куда?

ИРА
Я никому ничего не скажу!

РАКИТИН
Стоять!

ГЕРМАН
Ира!

Но Ира сбегает.

Рак",0,1,0,0,0,None,Moderate,None,None,None,0.0,0.66,0.0,0.0,0.0
"РМАН
Ира!

Но Ира сбегает.

Ракитин и Горбунов бросают на костер кусок шифера. Сразу убегают.

Герман сильно пугается, дергается, но падает - штаны мешают бежать. Тут в него начинают прилетать шишки. [ep: v=Mild, sc = Moderate]

ГОРБУНОВ
Стой! Стой на месте, фриц! Расстреляем!

РАКИТИН
(бросая шишку)
Это за дедушку тебе! А это за бабушку!

Герман поднимается. В костре трещит палка. Герману очень с",1,0,0,0,1,Mild,None,None,None,Moderate,0.33,0.0,0.0,0.0,0.66
"Это за дедушку тебе! А это за бабушку!

Герман поднимается. В костре трещит палка. Герману очень страшно, он падает на колени, но в него сразу же начинают лететь шишки. Ракитин и Горбунов заливаются. [ep: sc=Mild]

Шифер взрывается, Герман истошно кричит, ерзает на заднице по луже. Ракитин и Горбунов подходят, хохочут. [ep: v=Severe, s=Moderate, sc=Mild]

РАКИТИН
Живой он? Давай еще!

Конец ФБ
[La",0,0,0,0,1,None,None,None,None,Mild,0.0,0.0,0.0,0.0,0.33
"лени, но в него сразу же начинают лететь шишки. Ракитин и Горбунов заливаются. [ep: sc=Mild]

Шифер взрывается, Герман истошно кричит, ерзает на заднице по луже. Ракитин и Горбунов подходят, хохочут. [ep: v=Severe, s=Moderate, sc=Mild]

РАКИТИН
Живой он? Давай еще!

Конец ФБ
[Labels: v=Severe, sc=Moderate, p=None, s=Moderate, a=None]


39. ИНТ. КВАРТИРА ЛОМАКИНЫХ. ДЕНЬ

Оля и Олег сидят за столом.",1,1,0,0,1,Severe,Moderate,None,None,Mild,1.0,0.66,0.0,0.0,0.33
"оступил сигнал...от ваших соседей...

Миша смотрит на Аню, удивлен вопросу.

ОЛЕГ
И? Что? Они знают, где Мариша?

Аня мнется.

ОЛЬГА
Что за сигнал, ну?

АНЯ
Что, вы, Олег, бьете свою жену. И ребенка. [ep: v=Mild]

ОЛЬГА
Что? Что вы такое несете? Бред какой... Олег не бьет меня. Никогда не бил. И никогда не бил дочь. Он просто со мной разговаривал.

АНЯ
Но в цирке... ваше лицо... у нас есть свидете",1,0,0,0,0,Mild,None,None,None,None,0.33,0.0,0.0,0.0,0.0
"бил дочь. Он просто со мной разговаривал.

АНЯ
Но в цирке... ваше лицо... у нас есть свидетели...

ОЛЬГА
Девушка, покажите мне этих людей. Это клевета. Кто-то очень хочет, чтобы нашей семьи не стало. [ep: v=Mild]



МИША
(смотрит на Олега)
Вы били свою жену во время представления в цирке?

ОЛЕГ
(после паузы)
Нет.

МИША
Вы били вашу жену до этого?

ОЛЕГ
Я никогда не бил свою жену. Никогда не бил св",1,0,0,0,0,Mild,None,None,None,None,0.33,0.0,0.0,0.0,0.0
"ет значение? Почему вы не ищете ребенка?

МИША
Ладно, Ань. Пойдем.

Миша обрывает Аню, берет ее за руку, выводит с кухни. Хлопает дверь.

ОЛЬГА
Пиздец. Они считают, что это мы. Сами. Какой-то абсурд. [ep: p=Severe]

ОЛЕГ
Тупая пиздюшка, нашла, где искать. И взятку некому дать, никто ничего не делает. Сволочи. [ep: p=Severe]

Олег открывает нижний шкаф на кухне, достает оттуда бутылку водки. Ставит",0,0,1,0,0,None,None,Severe,None,None,0.0,0.0,1.0,0.0,0.0
"т с кухни. Хлопает дверь.

ОЛЬГА
Пиздец. Они считают, что это мы. Сами. Какой-то абсурд. [ep: p=Severe]

ОЛЕГ
Тупая пиздюшка, нашла, где искать. И взятку некому дать, никто ничего не делает. Сволочи. [ep: p=Severe]

Олег открывает нижний шкаф на кухне, достает оттуда бутылку водки. Ставит на стол. [ep: a=Moderate]

ОЛЬГА
Олег, я не буду…

Олег выпивает. Ольга за ним. Олег сразу же берется за телеф",0,0,1,0,0,None,None,Severe,None,None,0.0,0.0,1.0,0.0,0.0
"ere]

ОЛЕГ
Тупая пиздюшка, нашла, где искать. И взятку некому дать, никто ничего не делает. Сволочи. [ep: p=Severe]

Олег открывает нижний шкаф на кухне, достает оттуда бутылку водки. Ставит на стол. [ep: a=Moderate]

ОЛЬГА
Олег, я не буду…

Олег выпивает. Ольга за ним. Олег сразу же берется за телефон. [ep: a=Moderate]

ОЛЬГА
Кому ты звонишь?

ОЛЕГ
Если эти уроды искать не будут, то буду я… Алло,",0,0,0,1,0,None,None,None,Moderate,None,0.0,0.0,0.0,0.66,0.0
"p=Severe]

Олег открывает нижний шкаф на кухне, достает оттуда бутылку водки. Ставит на стол. [ep: a=Moderate]

ОЛЬГА
Олег, я не буду…

Олег выпивает. Ольга за ним. Олег сразу же берется за телефон. [ep: a=Moderate]

ОЛЬГА
Кому ты звонишь?

ОЛЕГ
Если эти уроды искать не будут, то буду я… Алло, Герман? Слушай, ты же шаришь в компах? Макет можешь сделать? С Маринкой. Повесим плакаты по Москве. Не м",0,0,0,1,0,None,None,None,Moderate,None,0.0,0.0,0.0,0.66,0.0
"ОЛЕГ
Если эти уроды искать не будут, то буду я… Алло, Герман? Слушай, ты же шаришь в компах? Макет можешь сделать? С Маринкой. Повесим плакаты по Москве. Не могу так сидеть. Надо хоть что-то делать. [ep: p=Mild]

Олег кладет трубку, молчит.



ОЛЬГА
Ты чего?

ОЛЕГ
Представляешь, как будто сейчас ее голос слышал.

Ольга гладит его по руке.
[Labels: v=Mild, sc=None, p=Severe, s=None, a=Moderate]",0,0,1,0,0,None,None,Mild,None,None,0.0,0.0,0.33,0.0,0.0
"аново спрошу? Между прочим, ты сам сказал, что Ломакины - мутные.

МИША
Ну так-то да.

АНЯ
У них поэтому дочка, может и не разговаривает, что их отец бьет. Что если Ольга спрятала девочку от подонка? [ep: p=Severe, v=Mild]

МИША
Зачем? Да еще с такой оглаской?

АНЯ
Чтобы бежать, когда все стихнет!

МИША
Гениально, Ань.

АНЯ
Или дочка умерла от побоев? А мать его выгораживает теперь, а? [ep: v=Mild",1,0,1,0,0,Mild,None,Severe,None,None,0.33,0.0,1.0,0.0,0.0
"т подонка? [ep: p=Severe, v=Mild]

МИША
Зачем? Да еще с такой оглаской?

АНЯ
Чтобы бежать, когда все стихнет!

МИША
Гениально, Ань.

АНЯ
Или дочка умерла от побоев? А мать его выгораживает теперь, а? [ep: v=Mild]

МИША
Хорошо, Ань, что ты в милиции работаешь. На стороне добра.
[Labels: v=Mild, sc=None, p=Severe, s=None, a=None]


41. ИНТ./НАТ. СЪЕМНАЯ КВАРТИРА ГЕРМАНА/УЛИЦА - ЩИТ/МОСКОВСКАЯ КВАРТИ",1,0,0,0,0,Mild,None,None,None,None,0.33,0.0,0.0,0.0,0.0
"Х. ДЕНЬ

Герман забрался в подъезд напротив окон Ломакиных и смотрит в бинокль, что там происходит. А они... не страдают. Ломакины, похоже, смирились.

Вот Ольга жарит мясо...

Олег наливает виски... [ep: a=Moderate]

Татьяна снимает бигуди, красиво повязывает шарф, уходит из дома...

Олег наливает еще виски, идет в комнату... [ep: a=Moderate]

Там Ольга красит ногти. Олег отбирает кисточку, ей по",0,0,0,1,0,None,None,None,Moderate,None,0.0,0.0,0.0,0.66,0.0
"ы, похоже, смирились.

Вот Ольга жарит мясо...

Олег наливает виски... [ep: a=Moderate]

Татьяна снимает бигуди, красиво повязывает шарф, уходит из дома...

Олег наливает еще виски, идет в комнату... [ep: a=Moderate]

Там Ольга красит ногти. Олег отбирает кисточку, ей помогает. Затем лезет ей под футболку... [ep: s=Moderate]

Ольга пьет из его стакана...

А потом они начинают трахаться. И им хорош",0,0,0,1,0,None,None,None,Moderate,None,0.0,0.0,0.0,0.66,0.0
"и, красиво повязывает шарф, уходит из дома...

Олег наливает еще виски, идет в комнату... [ep: a=Moderate]

Там Ольга красит ногти. Олег отбирает кисточку, ей помогает. Затем лезет ей под футболку... [ep: s=Moderate]

Ольга пьет из его стакана...

А потом они начинают трахаться. И им хорошо. [ep: s=Severe]

Они не страдают!

Герман кубарем скатывается с лестницы и уходит из подъезда.
[Labels: v=No",0,1,0,0,0,None,Moderate,None,None,None,0.0,0.66,0.0,0.0,0.0
": a=Moderate]

Там Ольга красит ногти. Олег отбирает кисточку, ей помогает. Затем лезет ей под футболку... [ep: s=Moderate]

Ольга пьет из его стакана...

А потом они начинают трахаться. И им хорошо. [ep: s=Severe]

Они не страдают!

Герман кубарем скатывается с лестницы и уходит из подъезда.
[Labels: v=None, sc=None, p=None, s=Severe, a=Moderate]


43. ИНТ. СЪЕМНАЯ КВАРТИРА ГЕРМАНА. НОЧЬ

Герман",0,1,0,0,0,None,Severe,None,None,None,0.0,1.0,0.0,0.0,0.0
".

Ее полароидное фото, где она в шапочке плачет.

Герман раскладывает вещи на кровати, и спрашивает спящую Аришу, впрочем, не ожидая ответа.

ГЕРМАН
Что послать твоему папочке, чтобы он сошел с ума? [ep: sc=Mild]
[Labels: v=None, sc=Mild, p=None, s=None, a=None]",0,0,0,0,1,None,None,None,None,Mild,0.0,0.0,0.0,0.0,0.33
